"Study ID";"Option Group Id";"Option Group Name";"Option Id";"Option Name";"Option Value"
7AEDBF6B-A62D-418A-8B5E-94EB958E3B9D;9FD006E3-8C26-4A6C-A0F3-A6F5E0F3E6A7;dpca_adjuvant;F4350B28-AF7E-4C8A-90BF-6F583B93B520;No;0
7AEDBF6B-A62D-418A-8B5E-94EB958E3B9D;9FD006E3-8C26-4A6C-A0F3-A6F5E0F3E6A7;dpca_adjuvant;033D23E2-E08A-4F99-BDCE-F32A3ED4674A;Chemoradiotherapy;1
7AEDBF6B-A62D-418A-8B5E-94EB958E3B9D;9FD006E3-8C26-4A6C-A0F3-A6F5E0F3E6A7;dpca_adjuvant;B9EE4F60-7B06-4C75-AE7C-F1C275AA6CCC;Chemotherapy;2
7AEDBF6B-A62D-418A-8B5E-94EB958E3B9D;9FD006E3-8C26-4A6C-A0F3-A6F5E0F3E6A7;dpca_adjuvant;667D69A8-0279-4B3B-ABF4-3B68F0C22578;Radiotherapy;3
7AEDBF6B-A62D-418A-8B5E-94EB958E3B9D;9FD006E3-8C26-4A6C-A0F3-A6F5E0F3E6A7;dpca_adjuvant;63DE9298-38B4-4EB7-B3FA-D49B0E4B5A25;Other;7
7AEDBF6B-A62D-418A-8B5E-94EB958E3B9D;9FD006E3-8C26-4A6C-A0F3-A6F5E0F3E6A7;dpca_adjuvant;B16B086B-61E2-442A-8BB0-B8933D82755B;Unknown;9
7AEDBF6B-A62D-418A-8B5E-94EB958E3B9D;C5CEFE64-E35C-4014-9105-D6A42D272190;dpca_adjuvantstart;2D08C6B0-D79A-4F26-9EC2-D9E9DC70FBEE;"Adjuvant therapy advised, not (yet) started";1
7AEDBF6B-A62D-418A-8B5E-94EB958E3B9D;C5CEFE64-E35C-4014-9105-D6A42D272190;dpca_adjuvantstart;65605864-1E9A-4268-ACE7-5E1C79438099;"Adjuvant therapy started";2
7AEDBF6B-A62D-418A-8B5E-94EB958E3B9D;DC4E4FF5-2982-47BF-8E3A-7D979204890A;dpca_afwijking;701EBC20-8857-48E2-967D-13647DBBF898;"Adenocarcinoma, non-IPMN or MCN";1
7AEDBF6B-A62D-418A-8B5E-94EB958E3B9D;DC4E4FF5-2982-47BF-8E3A-7D979204890A;dpca_afwijking;DF5FA051-8886-4A61-BF91-41B57AA872B9;"Neuroendocrine neoplasm";2
7AEDBF6B-A62D-418A-8B5E-94EB958E3B9D;DC4E4FF5-2982-47BF-8E3A-7D979204890A;dpca_afwijking;7C26F257-6D50-4C15-B6A0-8774142EC136;IPMN;3
7AEDBF6B-A62D-418A-8B5E-94EB958E3B9D;DC4E4FF5-2982-47BF-8E3A-7D979204890A;dpca_afwijking;3C2C7035-B7BE-4E4E-BB3B-6AE82EA73658;MCN;4
7AEDBF6B-A62D-418A-8B5E-94EB958E3B9D;DC4E4FF5-2982-47BF-8E3A-7D979204890A;dpca_afwijking;2B9C854E-0824-43A7-9647-0F2BE1984482;"Adenoma, intestinal type";5
7AEDBF6B-A62D-418A-8B5E-94EB958E3B9D;DC4E4FF5-2982-47BF-8E3A-7D979204890A;dpca_afwijking;2B57FA31-6F60-4963-A593-F5DF9933D446;"Solid pseudo-papillary neoplasm";6
7AEDBF6B-A62D-418A-8B5E-94EB958E3B9D;DC4E4FF5-2982-47BF-8E3A-7D979204890A;dpca_afwijking;8F9AE5C2-4D02-4AE3-88A7-1E991D9B197E;"Sereus cystadenoma";7
7AEDBF6B-A62D-418A-8B5E-94EB958E3B9D;DC4E4FF5-2982-47BF-8E3A-7D979204890A;dpca_afwijking;8A6A4CDB-A2F7-43A7-B1F4-6B6C20948F4A;"Chronic pancreatitis";8
7AEDBF6B-A62D-418A-8B5E-94EB958E3B9D;DC4E4FF5-2982-47BF-8E3A-7D979204890A;dpca_afwijking;31941DD6-3EAD-4E44-AEA1-DEDCB5B07FD7;"Chronic inflammation bile duct";9
7AEDBF6B-A62D-418A-8B5E-94EB958E3B9D;DC4E4FF5-2982-47BF-8E3A-7D979204890A;dpca_afwijking;B45EFE91-EB63-4B89-9130-1BB9F385135C;Other;77
7AEDBF6B-A62D-418A-8B5E-94EB958E3B9D;DC4E4FF5-2982-47BF-8E3A-7D979204890A;dpca_afwijking;697C3534-B75D-449A-94FA-5E122D0CF7B0;"Cannot be determined";19
7AEDBF6B-A62D-418A-8B5E-94EB958E3B9D;DC4E4FF5-2982-47BF-8E3A-7D979204890A;dpca_afwijking;4EE17539-89AA-41E9-A6A3-7CBE5B127F45;Unknown;99
7AEDBF6B-A62D-418A-8B5E-94EB958E3B9D;56F0C628-1A38-4633-8C8C-604353B0807C;dpca_afwijking_locatie;530B0809-42CA-4673-B980-63642A6504E7;"Pancreas (head)";1
7AEDBF6B-A62D-418A-8B5E-94EB958E3B9D;56F0C628-1A38-4633-8C8C-604353B0807C;dpca_afwijking_locatie;F4B64BA6-E906-4C36-BEF7-D43D78EFE892;"Distal bile ducts";2
7AEDBF6B-A62D-418A-8B5E-94EB958E3B9D;56F0C628-1A38-4633-8C8C-604353B0807C;dpca_afwijking_locatie;D86C3DE4-26DF-4C32-AC91-791D4BB691B8;"Papil van Vater";3
7AEDBF6B-A62D-418A-8B5E-94EB958E3B9D;56F0C628-1A38-4633-8C8C-604353B0807C;dpca_afwijking_locatie;A62A59BE-22C9-4A9B-9943-A270C91526AD;Duodenum;4
7AEDBF6B-A62D-418A-8B5E-94EB958E3B9D;56F0C628-1A38-4633-8C8C-604353B0807C;dpca_afwijking_locatie;62AEA6B7-1D43-41A5-B6A2-227975F37316;"Pancreas corpus/tail";5
7AEDBF6B-A62D-418A-8B5E-94EB958E3B9D;56F0C628-1A38-4633-8C8C-604353B0807C;dpca_afwijking_locatie;E754164B-A1B3-445C-A139-4B2C3F4A2CB0;Other;6
7AEDBF6B-A62D-418A-8B5E-94EB958E3B9D;56F0C628-1A38-4633-8C8C-604353B0807C;dpca_afwijking_locatie;64FA6494-E901-481A-A4F0-48E1AC9711F9;Unknown;9
7AEDBF6B-A62D-418A-8B5E-94EB958E3B9D;E36CB0F6-1D57-4CB9-AF2D-278448E4245F;dpca_anadetail;BF0910EC-F273-48CE-9DDC-78C1532E1C93;"Continuous, single row";1
7AEDBF6B-A62D-418A-8B5E-94EB958E3B9D;E36CB0F6-1D57-4CB9-AF2D-278448E4245F;dpca_anadetail;51F53BE5-E910-4E84-88F5-5821995BC5BC;"Continuous, double row";2
7AEDBF6B-A62D-418A-8B5E-94EB958E3B9D;E36CB0F6-1D57-4CB9-AF2D-278448E4245F;dpca_anadetail;8347204B-5D03-45D5-9909-6255336E5215;"Single suture, one row";3
7AEDBF6B-A62D-418A-8B5E-94EB958E3B9D;E36CB0F6-1D57-4CB9-AF2D-278448E4245F;dpca_anadetail;F8766265-C6EB-438D-A5D7-1AD48586E3C5;"Single suture, double row";4
7AEDBF6B-A62D-418A-8B5E-94EB958E3B9D;E36CB0F6-1D57-4CB9-AF2D-278448E4245F;dpca_anadetail;A44F1BAA-EF2B-485D-A363-FEBB1F331614;"Single suture, double row; inside: continuous, double row";5
7AEDBF6B-A62D-418A-8B5E-94EB958E3B9D;E36CB0F6-1D57-4CB9-AF2D-278448E4245F;dpca_anadetail;4D753EC7-0433-426A-8773-AE0D2D55C601;Unknown;9
7AEDBF6B-A62D-418A-8B5E-94EB958E3B9D;78B63BCF-00C2-4BFC-AA88-B3C7853FA451;dpca_anastomose;32E5E156-158D-4D08-B9D2-089FFF8ACF3E;"Pancreaticojejunostomy – duct-to-mucosa";1
7AEDBF6B-A62D-418A-8B5E-94EB958E3B9D;78B63BCF-00C2-4BFC-AA88-B3C7853FA451;dpca_anastomose;BE172664-988D-4121-97F0-972220BE4135;"Pancreaticojejunostomy – dunking/invagination";2
7AEDBF6B-A62D-418A-8B5E-94EB958E3B9D;78B63BCF-00C2-4BFC-AA88-B3C7853FA451;dpca_anastomose;EBE59A9B-AC42-46A5-82B7-CCDB24333EB2;"Pancreaticojejunostomy - continuous single row (no dunking/invagination)";3
7AEDBF6B-A62D-418A-8B5E-94EB958E3B9D;78B63BCF-00C2-4BFC-AA88-B3C7853FA451;dpca_anastomose;89B3FCDB-3DAA-4603-BBED-0BCB31C89750;"Pancreaticogastrostomy - duct-to-mucosa";4
7AEDBF6B-A62D-418A-8B5E-94EB958E3B9D;78B63BCF-00C2-4BFC-AA88-B3C7853FA451;dpca_anastomose;4E12CA3B-7E74-44E0-8ABA-247FA351CC14;"Pancreaticogastrostomy - dunking/invagination";5
7AEDBF6B-A62D-418A-8B5E-94EB958E3B9D;78B63BCF-00C2-4BFC-AA88-B3C7853FA451;dpca_anastomose;BD4EECC3-D52F-4BDD-B5ED-7AC44C1FBC77;"Pancreaticogastrostomy - continuous single row (no dunking/invagination)";6
7AEDBF6B-A62D-418A-8B5E-94EB958E3B9D;78B63BCF-00C2-4BFC-AA88-B3C7853FA451;dpca_anastomose;434BFDE9-60C6-40D1-B8AE-EE95785CB2BA;Other;7
7AEDBF6B-A62D-418A-8B5E-94EB958E3B9D;78B63BCF-00C2-4BFC-AA88-B3C7853FA451;dpca_anastomose;2ADBAC8B-C275-4A0C-8421-4C0E0AA81CE6;Unknown;9
7AEDBF6B-A62D-418A-8B5E-94EB958E3B9D;A56C4606-75E6-4799-A388-7A2B7D8ADBA8;dpca_asascore;8FABB091-2F95-4D01-8C2C-50F79AB0DC34;"I - Normal healthy patient";1
7AEDBF6B-A62D-418A-8B5E-94EB958E3B9D;A56C4606-75E6-4799-A388-7A2B7D8ADBA8;dpca_asascore;1793E799-EF64-4EE0-BC84-281B14A8FBC3;"II - Mild systemic disease";2
7AEDBF6B-A62D-418A-8B5E-94EB958E3B9D;A56C4606-75E6-4799-A388-7A2B7D8ADBA8;dpca_asascore;3B651D02-6268-49DB-81CC-8E984A13033F;"III - Severe systemic disease";3
7AEDBF6B-A62D-418A-8B5E-94EB958E3B9D;A56C4606-75E6-4799-A388-7A2B7D8ADBA8;dpca_asascore;0BD71FDA-BCA7-4948-8D88-F1AF41D3745D;"IV - Constant life threatening systemic disease";4
7AEDBF6B-A62D-418A-8B5E-94EB958E3B9D;A56C4606-75E6-4799-A388-7A2B7D8ADBA8;dpca_asascore;1C9D404D-4E00-4D13-A623-C2D1CAE5FE41;"V - Moribund";5
7AEDBF6B-A62D-418A-8B5E-94EB958E3B9D;A56C4606-75E6-4799-A388-7A2B7D8ADBA8;dpca_asascore;DA532508-BD2F-4AC8-BB76-B754AAD93731;Unknown;9
7AEDBF6B-A62D-418A-8B5E-94EB958E3B9D;A3C0725E-7FDE-41F5-A260-13E868D78852;dpca_aspect;6935CC07-BFBE-425D-91C2-B82629B53C00;Normal/soft;1
7AEDBF6B-A62D-418A-8B5E-94EB958E3B9D;A3C0725E-7FDE-41F5-A260-13E868D78852;dpca_aspect;1C21AC41-AD84-4B87-8B86-CD04B929A217;Hard/fibrotic;2
7AEDBF6B-A62D-418A-8B5E-94EB958E3B9D;A3C0725E-7FDE-41F5-A260-13E868D78852;dpca_aspect;5CA8D5D1-C22F-42EB-91BD-5084C4CE2DE1;Unknown;9
7AEDBF6B-A62D-418A-8B5E-94EB958E3B9D;491F3191-4FD2-4F6B-B3CC-9AA80B1E0992;dpca_beeldconcl;C4D64D9C-A5FD-4ACE-AF7E-136845CCA1E4;No;0
7AEDBF6B-A62D-418A-8B5E-94EB958E3B9D;491F3191-4FD2-4F6B-B3CC-9AA80B1E0992;dpca_beeldconcl;220FE34F-24D8-46F1-A5E2-1EF8F693E24B;"Yes, solid tumor";1
7AEDBF6B-A62D-418A-8B5E-94EB958E3B9D;491F3191-4FD2-4F6B-B3CC-9AA80B1E0992;dpca_beeldconcl;89238393-065D-435B-B179-5C2E62AFDD07;"Yes, cystic";2
7AEDBF6B-A62D-418A-8B5E-94EB958E3B9D;EB5BF25C-1078-4063-B090-4F9C767D43E5;dpca_bijvoed;3BF6C887-A8BE-4FDA-99E7-88FCB83BE0A5;No;0
7AEDBF6B-A62D-418A-8B5E-94EB958E3B9D;EB5BF25C-1078-4063-B090-4F9C767D43E5;dpca_bijvoed;7F74E29D-CEE9-4BFE-9112-AD618F62F369;"Yes, with energy enriched nutrition";1
7AEDBF6B-A62D-418A-8B5E-94EB958E3B9D;EB5BF25C-1078-4063-B090-4F9C767D43E5;dpca_bijvoed;30BC6405-409A-4197-A359-77EA2446D370;"Yes, with nutritional feed";2
7AEDBF6B-A62D-418A-8B5E-94EB958E3B9D;EB5BF25C-1078-4063-B090-4F9C767D43E5;dpca_bijvoed;8F4EC4BD-C0FC-46C6-9E51-DA81D3BEF37E;"Ja, with TPV";3
7AEDBF6B-A62D-418A-8B5E-94EB958E3B9D;EB5BF25C-1078-4063-B090-4F9C767D43E5;dpca_bijvoed;0F026381-8A9F-40A4-A530-F33F89B5557F;Unknown;9
7AEDBF6B-A62D-418A-8B5E-94EB958E3B9D;B6455533-214E-4C74-8CAA-CD8FD6253FF2;dpca_bildrain;9738219C-8AEB-4ECE-A862-9C4048E79B87;No;0
7AEDBF6B-A62D-418A-8B5E-94EB958E3B9D;B6455533-214E-4C74-8CAA-CD8FD6253FF2;dpca_bildrain;6C855C55-246E-4852-A0FC-2103455F3967;"Yes, by means of ERCP";1
7AEDBF6B-A62D-418A-8B5E-94EB958E3B9D;B6455533-214E-4C74-8CAA-CD8FD6253FF2;dpca_bildrain;E13EB44F-3C0D-400B-8337-C5E8173F8F25;"Yes, by means of PTC";2
7AEDBF6B-A62D-418A-8B5E-94EB958E3B9D;B6455533-214E-4C74-8CAA-CD8FD6253FF2;dpca_bildrain;AEF3D106-529B-4B18-B032-5E96CFD0ABF8;Unknown;9
7AEDBF6B-A62D-418A-8B5E-94EB958E3B9D;01B41E36-4035-477C-B133-B558C8DBFBC9;dpca_bloeding;E5D259AA-1D8D-46AC-B9CB-66ACEBBB1E21;"No, or grade A: bleeding < 24 hours, good clinical condition, diagnostic but no clinical consequences";1
7AEDBF6B-A62D-418A-8B5E-94EB958E3B9D;01B41E36-4035-477C-B133-B558C8DBFBC9;dpca_bloeding;A6C48032-B34F-4E0C-8379-DA042F886AB7;"Grade B: serious bleeding < 24 hours, serious bleeding OR mild bleeding occurring > 24 hours, good intermediate clinical condition, therapeutic consequences (fluid/transfusion/endoscopy/embolisation/ICU/MCU admission/re-laparotomy in case of bleeding < 24 uur";2
7AEDBF6B-A62D-418A-8B5E-94EB958E3B9D;01B41E36-4035-477C-B133-B558C8DBFBC9;dpca_bloeding;01366334-9703-44B1-86FE-DEC6FE2382CD;"Grade C: Serious bleeding > 24 hours, life-threatening, therapeutic consequences (localization of bleeding/angio and embolisation/endoscopy/ re-laparotomy/ICU admission";3
7AEDBF6B-A62D-418A-8B5E-94EB958E3B9D;01B41E36-4035-477C-B133-B558C8DBFBC9;dpca_bloeding;D5D280CA-7CFE-40D1-A98C-88F97710FEC0;Unknown;9
7AEDBF6B-A62D-418A-8B5E-94EB958E3B9D;73B8EC3B-FE58-4F0D-9C8C-16533D31F5B2;dpca_chylus2016;6FE2E2B6-0058-4FF7-B41C-7EB317DABFFD;No;0
7AEDBF6B-A62D-418A-8B5E-94EB958E3B9D;73B8EC3B-FE58-4F0D-9C8C-16533D31F5B2;dpca_chylus2016;0EFA3EE6-6CF9-4B89-9C86-A21BBD979A7D;"Grade A: No therapeutic action OR oral dietary restriction only";1
7AEDBF6B-A62D-418A-8B5E-94EB958E3B9D;73B8EC3B-FE58-4F0D-9C8C-16533D31F5B2;dpca_chylus2016;77ACD10E-7881-40DD-AE1C-6681500CB2BB;"Grade B: Nasoenteral nutrition with dietary restriction and/or TPV, percutaneous drainage, preserving of surgical drains OR medicinal treatment, extended hospital stay, possible discharge with drains in-situ OR re-admission";2
7AEDBF6B-A62D-418A-8B5E-94EB958E3B9D;73B8EC3B-FE58-4F0D-9C8C-16533D31F5B2;dpca_chylus2016;6525BD1A-2296-464A-BD8F-CB151CE0A650;"Grade C: Other invasive treatment, ICU admission and/or death, extended hospital stay, possible discharge with drains in-situ";3
7AEDBF6B-A62D-418A-8B5E-94EB958E3B9D;1C099A59-9750-4BDD-B5FB-D3CEE4AF772C;dpca_circumcontact;039F36FD-BC8B-4798-97CC-F380F4C3E7CA;"No, fat between tumor and vene";0
7AEDBF6B-A62D-418A-8B5E-94EB958E3B9D;1C099A59-9750-4BDD-B5FB-D3CEE4AF772C;dpca_circumcontact;22AE76E7-2DD5-40C7-AC7B-B4D044CA3CC5;"< 90 degrees";1
7AEDBF6B-A62D-418A-8B5E-94EB958E3B9D;1C099A59-9750-4BDD-B5FB-D3CEE4AF772C;dpca_circumcontact;901695BA-8A81-476D-9941-633D96BFBF81;"90 - 180 degrees";2
7AEDBF6B-A62D-418A-8B5E-94EB958E3B9D;1C099A59-9750-4BDD-B5FB-D3CEE4AF772C;dpca_circumcontact;F31700C7-05EB-4FE7-9890-B2524DF05AB1;"180 - 270 degrees";3
7AEDBF6B-A62D-418A-8B5E-94EB958E3B9D;1C099A59-9750-4BDD-B5FB-D3CEE4AF772C;dpca_circumcontact;7FD1A5FE-F5CA-48EA-BB8C-59C7E771F89D;"> 270 degrees";4
7AEDBF6B-A62D-418A-8B5E-94EB958E3B9D;1C099A59-9750-4BDD-B5FB-D3CEE4AF772C;dpca_circumcontact;061E5F2C-DDB2-418C-BC4F-AEBBFF71488C;Unknown;9
7AEDBF6B-A62D-418A-8B5E-94EB958E3B9D;CDB1448F-C51B-4F69-AC9F-E7EEE8BB44FF;dpca_comdiam;DE88DF0D-D87E-4E86-9093-B123A95798A0;No;0
7AEDBF6B-A62D-418A-8B5E-94EB958E3B9D;CDB1448F-C51B-4F69-AC9F-E7EEE8BB44FF;dpca_comdiam;0054ADC4-7995-4F73-AA94-044C299933B3;"Without chronic complications";1
7AEDBF6B-A62D-418A-8B5E-94EB958E3B9D;CDB1448F-C51B-4F69-AC9F-E7EEE8BB44FF;dpca_comdiam;8BA47767-E8E0-43E0-B118-01C4C31B63CE;"With chronic complications";2
7AEDBF6B-A62D-418A-8B5E-94EB958E3B9D;8FB8C0BB-2E96-4862-8AC7-1D351F6DE7D5;dpca_comlever;8DE65B78-31EC-4091-99E4-A38A86950091;No;0
7AEDBF6B-A62D-418A-8B5E-94EB958E3B9D;8FB8C0BB-2E96-4862-8AC7-1D351F6DE7D5;dpca_comlever;6A4DADAF-20AE-49C5-AC84-9FA45B167E33;Mild;1
7AEDBF6B-A62D-418A-8B5E-94EB958E3B9D;8FB8C0BB-2E96-4862-8AC7-1D351F6DE7D5;dpca_comlever;CD082D76-81F0-4A7F-8913-0C40BECB90AC;Severe;2
7AEDBF6B-A62D-418A-8B5E-94EB958E3B9D;DED4E2BE-2856-4ED4-AD36-CE7AB8F83F5F;dpca_contchrom;2EDB885E-F45E-4AA3-B7DC-8DFFA79A79F8;µmol/L;1
7AEDBF6B-A62D-418A-8B5E-94EB958E3B9D;DED4E2BE-2856-4ED4-AD36-CE7AB8F83F5F;dpca_contchrom;7B81DEBF-76AF-40F8-8F8A-817F27BBD9D7;µg/L;2
7AEDBF6B-A62D-418A-8B5E-94EB958E3B9D;8ACE01CC-9855-4FA9-8F67-53236B14487B;dpca_cytdiagnose;F27DBB00-AF9A-451E-9480-69AA5DCCF0BF;Benign;1
7AEDBF6B-A62D-418A-8B5E-94EB958E3B9D;8ACE01CC-9855-4FA9-8F67-53236B14487B;dpca_cytdiagnose;88AB1096-5E2F-474A-BE67-6C3E9B85F1FE;"Atypical or suspected maligancy";2
7AEDBF6B-A62D-418A-8B5E-94EB958E3B9D;8ACE01CC-9855-4FA9-8F67-53236B14487B;dpca_cytdiagnose;920BD20F-5157-423A-9A7A-3CD3E1ACDA0F;Malignant;3
7AEDBF6B-A62D-418A-8B5E-94EB958E3B9D;8ACE01CC-9855-4FA9-8F67-53236B14487B;dpca_cytdiagnose;EDADBDF9-D49C-4A26-82D6-5974D8FE97BD;"Cannot be determined";4
7AEDBF6B-A62D-418A-8B5E-94EB958E3B9D;8ACE01CC-9855-4FA9-8F67-53236B14487B;dpca_cytdiagnose;4C022EFE-B1B5-4B51-A300-6ACDFDAEB3D4;Unknown;9
7AEDBF6B-A62D-418A-8B5E-94EB958E3B9D;84C6AEC3-03CE-4BA7-872D-31A2F2A6BE5A;dpca_cythist;408D6E3F-4014-48E9-B192-CBFD24CF3272;No;0
7AEDBF6B-A62D-418A-8B5E-94EB958E3B9D;84C6AEC3-03CE-4BA7-872D-31A2F2A6BE5A;dpca_cythist;9A964DC7-DEDE-4E10-A2CC-BCC053694778;"Yes, cytology";1
7AEDBF6B-A62D-418A-8B5E-94EB958E3B9D;84C6AEC3-03CE-4BA7-872D-31A2F2A6BE5A;dpca_cythist;CC1A4904-3AE8-4494-B8E2-A0F7D91D498B;"Yes, histology";2
7AEDBF6B-A62D-418A-8B5E-94EB958E3B9D;84C6AEC3-03CE-4BA7-872D-31A2F2A6BE5A;dpca_cythist;5485EC85-6ED6-4C39-B1E7-AE2359E5C454;Unknown;9
7AEDBF6B-A62D-418A-8B5E-94EB958E3B9D;7DEDA88F-58CB-496C-A65D-6AE8FD0DC621;dpca_differentiatie;57CC29E6-480C-4954-9583-102FF6807B69;"Grade 1: well differentiated";1
7AEDBF6B-A62D-418A-8B5E-94EB958E3B9D;7DEDA88F-58CB-496C-A65D-6AE8FD0DC621;dpca_differentiatie;3F1BA4BB-9827-49B3-8BB4-D1D7FBDE4A9D;"Grade 2: moderately well-differentiated";2
7AEDBF6B-A62D-418A-8B5E-94EB958E3B9D;7DEDA88F-58CB-496C-A65D-6AE8FD0DC621;dpca_differentiatie;1E20E7DB-641E-4B10-8C73-72CC87923C84;"Grade 3: badly differentiated";3
7AEDBF6B-A62D-418A-8B5E-94EB958E3B9D;7DEDA88F-58CB-496C-A65D-6AE8FD0DC621;dpca_differentiatie;F37BEE54-F576-4F69-93BF-683A2BBC36E0;"Grade 4: undifferentiated";4
7AEDBF6B-A62D-418A-8B5E-94EB958E3B9D;7DEDA88F-58CB-496C-A65D-6AE8FD0DC621;dpca_differentiatie;F8FAEDC8-F974-43EE-BFA7-1FCE0B776048;"Not applicable";8
7AEDBF6B-A62D-418A-8B5E-94EB958E3B9D;7DEDA88F-58CB-496C-A65D-6AE8FD0DC621;dpca_differentiatie;9D7F73C0-D3DF-44A5-ADE8-372738C0FD03;Unknown;9
7AEDBF6B-A62D-418A-8B5E-94EB958E3B9D;BDD88D7D-0D6D-4CB8-BEC4-175D319EA465;dpca_diffnet;F2ACC52F-892A-4267-87FA-166B27A4AD0C;"WHO 1: well-differentiated endocrine tumor";1
7AEDBF6B-A62D-418A-8B5E-94EB958E3B9D;BDD88D7D-0D6D-4CB8-BEC4-175D319EA465;dpca_diffnet;A5FE0F58-1C5A-4CE3-8D7B-29A0DF839974;"WHO 2: well-differentiated endocrine carcinoma";2
7AEDBF6B-A62D-418A-8B5E-94EB958E3B9D;BDD88D7D-0D6D-4CB8-BEC4-175D319EA465;dpca_diffnet;9A0FE30E-96A2-4F3F-8C7E-2B52DFCC413F;"WHO 2: badly differentiated endocrine carcinoma";3
7AEDBF6B-A62D-418A-8B5E-94EB958E3B9D;BDD88D7D-0D6D-4CB8-BEC4-175D319EA465;dpca_diffnet;206FCA1C-1651-477F-ADAD-DC386938685D;"Not applicable";8
7AEDBF6B-A62D-418A-8B5E-94EB958E3B9D;BDD88D7D-0D6D-4CB8-BEC4-175D319EA465;dpca_diffnet;C1A7AA53-C087-4445-9B43-E7B5141CA1C9;Unknown;9
7AEDBF6B-A62D-418A-8B5E-94EB958E3B9D;FF7B5BFC-8B1B-4870-A854-57C55C19CEFF;dpca_ecog;C6FE38C7-6F42-4E23-A483-DACDAEE9D42B;"ECOG 0 (90 - 100%) Capable of executing all normal activities without limitations";0
7AEDBF6B-A62D-418A-8B5E-94EB958E3B9D;FF7B5BFC-8B1B-4870-A854-57C55C19CEFF;dpca_ecog;D271F0D6-2453-4F21-8DD1-9DA88B1333F8;"ECOG 1 (70 - 80%) Limited in heavy physical activity, but ambulant and able to perform light work";1
7AEDBF6B-A62D-418A-8B5E-94EB958E3B9D;FF7B5BFC-8B1B-4870-A854-57C55C19CEFF;dpca_ecog;42CC7E0F-6C0C-4FF1-AC28-A2953FB9C777;"ECOG 2 (50 - 60%) Capable of self-care but not to perform any work. Up and about >50% of the day";2
7AEDBF6B-A62D-418A-8B5E-94EB958E3B9D;FF7B5BFC-8B1B-4870-A854-57C55C19CEFF;dpca_ecog;D7C3702E-409B-48D2-84CF-07F3ED42786A;"ECOG 3 (30 - 40%) Capable of only limited self-care. In bed or chair >50% of the day";3
7AEDBF6B-A62D-418A-8B5E-94EB958E3B9D;FF7B5BFC-8B1B-4870-A854-57C55C19CEFF;dpca_ecog;3E5EC743-6109-49B7-8D8A-359E0E6FEDFB;"ECOG 4 (10 - 20%) Completely care-dependent, in bed or chair the whole day";4
7AEDBF6B-A62D-418A-8B5E-94EB958E3B9D;FF7B5BFC-8B1B-4870-A854-57C55C19CEFF;dpca_ecog;6CBD095E-0FA1-4F60-BE01-C124CF56F725;Unknown;9
7AEDBF6B-A62D-418A-8B5E-94EB958E3B9D;7170AEDD-E866-4101-A58F-A281FD49162F;dpca_fistel;BCD2349D-E582-433D-8E20-2E2FC7A53AA4;"No, or grade A: No therapeutic action required, hospital stay not extended";0
7AEDBF6B-A62D-418A-8B5E-94EB958E3B9D;7170AEDD-E866-4101-A58F-A281FD49162F;dpca_fistel;64459B5F-718C-4A9F-B1ED-80BC334519EC;"Grade B: Therapeutic action required (no reintervention), hospital stay extended, possible discharge with in-situ drains";1
7AEDBF6B-A62D-418A-8B5E-94EB958E3B9D;7170AEDD-E866-4101-A58F-A281FD49162F;dpca_fistel;F61E338D-4A69-46A5-BDFC-900723B137DD;"Grade C: Reintervention and/or extended hospital stay and/or ICU admission and/or death";2
7AEDBF6B-A62D-418A-8B5E-94EB958E3B9D;519215E6-7E2D-42DE-ADC2-B5013D6C7486;dpca_fistel2016;3200878F-A573-44D9-BBB9-E843832261B4;No;0
7AEDBF6B-A62D-418A-8B5E-94EB958E3B9D;519215E6-7E2D-42DE-ADC2-B5013D6C7486;dpca_fistel2016;F1F6DDFE-BB10-4459-86EA-0EEECA8A71D8;"Biochemical leak: No clinical consequences";1
7AEDBF6B-A62D-418A-8B5E-94EB958E3B9D;519215E6-7E2D-42DE-ADC2-B5013D6C7486;dpca_fistel2016;5296EEB2-E9AE-4B6A-80E6-FCD49B1E7879;"Grade B: Persistent drainage > 3 weeks, clinically relevant change in treatment of POPF, percutaneous or endoscopic drainage, angiographic procedure due to bleeding, signs of infection without organ failure";2
7AEDBF6B-A62D-418A-8B5E-94EB958E3B9D;519215E6-7E2D-42DE-ADC2-B5013D6C7486;dpca_fistel2016;14913098-CFD1-4185-99C3-94294D213678;"Grade C: Criteria for grade B present, and reintervention, organ failure and mortality";3
7AEDBF6B-A62D-418A-8B5E-94EB958E3B9D;CE891A39-6040-4C75-911D-F24D8CCCED35;dpca_G8;84C12606-408E-43D2-AD54-825BA73B9BE2;"G8 - 01";1
7AEDBF6B-A62D-418A-8B5E-94EB958E3B9D;CE891A39-6040-4C75-911D-F24D8CCCED35;dpca_G8;647ED97C-FB5E-4FCE-813A-5DEF0829EDA7;"G8 - 02";2
7AEDBF6B-A62D-418A-8B5E-94EB958E3B9D;CE891A39-6040-4C75-911D-F24D8CCCED35;dpca_G8;C384B954-FA48-462A-ACEB-22DF536A32F3;"G8 - 03";3
7AEDBF6B-A62D-418A-8B5E-94EB958E3B9D;CE891A39-6040-4C75-911D-F24D8CCCED35;dpca_G8;789530FC-C546-4DCB-9A1F-A6B729750267;"G8 - 04";4
7AEDBF6B-A62D-418A-8B5E-94EB958E3B9D;CE891A39-6040-4C75-911D-F24D8CCCED35;dpca_G8;1B0DE02F-1ABC-48D4-BBCC-93BD20188AAE;"G8 - 05";5
7AEDBF6B-A62D-418A-8B5E-94EB958E3B9D;CE891A39-6040-4C75-911D-F24D8CCCED35;dpca_G8;94E97E01-77E2-483E-B5ED-418423CD93DE;"G8 - 06";6
7AEDBF6B-A62D-418A-8B5E-94EB958E3B9D;CE891A39-6040-4C75-911D-F24D8CCCED35;dpca_G8;815698B6-0BF6-4596-AB11-3A88820140DE;"G8 - 07";7
7AEDBF6B-A62D-418A-8B5E-94EB958E3B9D;CE891A39-6040-4C75-911D-F24D8CCCED35;dpca_G8;D22894ED-2A63-471F-8B95-B3D24AA6A585;"G8 - 08";8
7AEDBF6B-A62D-418A-8B5E-94EB958E3B9D;CE891A39-6040-4C75-911D-F24D8CCCED35;dpca_G8;9D85CF32-28A6-4C91-AF97-8D0AEF5E26BE;"G8 - 09";9
7AEDBF6B-A62D-418A-8B5E-94EB958E3B9D;CE891A39-6040-4C75-911D-F24D8CCCED35;dpca_G8;8482754F-C72A-42EA-841C-5E3377EC140F;"G8 - 10";10
7AEDBF6B-A62D-418A-8B5E-94EB958E3B9D;CE891A39-6040-4C75-911D-F24D8CCCED35;dpca_G8;867C4CFA-72BB-4A64-BE2A-10EA7EA202ED;"G8 - 11";11
7AEDBF6B-A62D-418A-8B5E-94EB958E3B9D;CE891A39-6040-4C75-911D-F24D8CCCED35;dpca_G8;48228EAF-9D61-4D42-92ED-B7ACCD5D8DBB;"G8 - 12";12
7AEDBF6B-A62D-418A-8B5E-94EB958E3B9D;CE891A39-6040-4C75-911D-F24D8CCCED35;dpca_G8;BACA5E2B-1EEA-4423-A573-464F28D747C7;"G8 - 13";13
7AEDBF6B-A62D-418A-8B5E-94EB958E3B9D;CE891A39-6040-4C75-911D-F24D8CCCED35;dpca_G8;5DC02870-FCAF-472B-8F1A-71AF4797772C;"G8 - 14";14
7AEDBF6B-A62D-418A-8B5E-94EB958E3B9D;CE891A39-6040-4C75-911D-F24D8CCCED35;dpca_G8;A60ABC3B-CC63-4706-84DB-A94A0AA21551;"G8 - 15";15
7AEDBF6B-A62D-418A-8B5E-94EB958E3B9D;CE891A39-6040-4C75-911D-F24D8CCCED35;dpca_G8;8FB7FCD8-14A4-490A-9A80-2CF54B560B82;"G8 - 16";16
7AEDBF6B-A62D-418A-8B5E-94EB958E3B9D;CE891A39-6040-4C75-911D-F24D8CCCED35;dpca_G8;81B2DF2C-1AAD-4AA7-A4C9-1FAFA5936DDA;"G8 - 17";17
7AEDBF6B-A62D-418A-8B5E-94EB958E3B9D;CE891A39-6040-4C75-911D-F24D8CCCED35;dpca_G8;72FB3AC8-2917-4E43-A2C4-AE2042413BC7;Unknown;9999
7AEDBF6B-A62D-418A-8B5E-94EB958E3B9D;AB33B76C-164A-4299-A93D-B9B1293F011C;dpca_gallek;539654F7-D177-47DA-B3CE-E8B784126C5D;"No, of grade A: No or minimal change in clinical management";1
7AEDBF6B-A62D-418A-8B5E-94EB958E3B9D;AB33B76C-164A-4299-A93D-B9B1293F011C;dpca_gallek;A97F6D6A-D1E6-49B4-B42E-63610A1E577C;"Grade B: Bile leakage for which change of management required such as additional diagnostics or interventions but without need for re-laparotomy OR grade A bile leakage > 1 week";2
7AEDBF6B-A62D-418A-8B5E-94EB958E3B9D;AB33B76C-164A-4299-A93D-B9B1293F011C;dpca_gallek;A7252736-EDDC-4446-A8BD-4C402D6102D7;"Grade C: Bile leakage for which re-laparotomy";3
7AEDBF6B-A62D-418A-8B5E-94EB958E3B9D;AB33B76C-164A-4299-A93D-B9B1293F011C;dpca_gallek;DB59252F-4624-4722-8BF4-031E0CAEE469;Unknown;9
7AEDBF6B-A62D-418A-8B5E-94EB958E3B9D;DF1C14F2-EB91-43A4-AA34-B48A2CEEEFF2;dpca_geslacht;3F5D95C6-3ACE-4405-AC95-CC1CBFE60779;Male;1
7AEDBF6B-A62D-418A-8B5E-94EB958E3B9D;DF1C14F2-EB91-43A4-AA34-B48A2CEEEFF2;dpca_geslacht;1EDB8A56-508C-4EE9-B16A-8ECD8A2E6382;Female;2
7AEDBF6B-A62D-418A-8B5E-94EB958E3B9D;DF1C14F2-EB91-43A4-AA34-B48A2CEEEFF2;dpca_geslacht;C6E03036-525F-4CE7-AB98-F5AB91F422A2;Undifferentiated;3
7AEDBF6B-A62D-418A-8B5E-94EB958E3B9D;DF1C14F2-EB91-43A4-AA34-B48A2CEEEFF2;dpca_geslacht;2000A8B4-811B-4FFA-8F73-BEA65776E8B7;Transgender;4
7AEDBF6B-A62D-418A-8B5E-94EB958E3B9D;DF1C14F2-EB91-43A4-AA34-B48A2CEEEFF2;dpca_geslacht;9AEFC1E7-FE49-4C97-927B-8472D29CE998;Unknown;9
7AEDBF6B-A62D-418A-8B5E-94EB958E3B9D;BCEB4BA7-FC7E-4F09-BFA3-39A204C525E5;dpca_histdiagnose;8D03FA68-537B-4DD7-8797-15C2F70147AF;"Adenocarcinoma - not IPMN or MCN";1
7AEDBF6B-A62D-418A-8B5E-94EB958E3B9D;BCEB4BA7-FC7E-4F09-BFA3-39A204C525E5;dpca_histdiagnose;D59C7AAD-D450-41E4-B518-9C19EE24C479;"Neuro-endocrine neoplasm";2
7AEDBF6B-A62D-418A-8B5E-94EB958E3B9D;BCEB4BA7-FC7E-4F09-BFA3-39A204C525E5;dpca_histdiagnose;74B39A84-6D09-4B7C-84E0-D7CCB2D78A43;IPMN;3
7AEDBF6B-A62D-418A-8B5E-94EB958E3B9D;BCEB4BA7-FC7E-4F09-BFA3-39A204C525E5;dpca_histdiagnose;B893C714-1C48-4248-8219-9B691CF3A0F3;MCN;4
7AEDBF6B-A62D-418A-8B5E-94EB958E3B9D;BCEB4BA7-FC7E-4F09-BFA3-39A204C525E5;dpca_histdiagnose;B125FBD2-B8BC-4704-BD38-113C2070A5F9;"Adenoma - intestinal type";5
7AEDBF6B-A62D-418A-8B5E-94EB958E3B9D;BCEB4BA7-FC7E-4F09-BFA3-39A204C525E5;dpca_histdiagnose;0EAC3849-1A28-452C-9EC5-5966B5F58545;"Solid pseudopapillary neoplasm";6
7AEDBF6B-A62D-418A-8B5E-94EB958E3B9D;BCEB4BA7-FC7E-4F09-BFA3-39A204C525E5;dpca_histdiagnose;95A580E3-AFA9-4BE4-9CEF-E5E614128FEB;"Sereus cystadenoma";7
7AEDBF6B-A62D-418A-8B5E-94EB958E3B9D;BCEB4BA7-FC7E-4F09-BFA3-39A204C525E5;dpca_histdiagnose;F32E9E1A-811C-4B9D-BD15-110EA5F87FF3;"Chronic pancreatitis";8
7AEDBF6B-A62D-418A-8B5E-94EB958E3B9D;BCEB4BA7-FC7E-4F09-BFA3-39A204C525E5;dpca_histdiagnose;715C6382-5D55-411F-A50E-AA25FEBAC6BC;"Chronic inflammation of bile duct";9
7AEDBF6B-A62D-418A-8B5E-94EB958E3B9D;BCEB4BA7-FC7E-4F09-BFA3-39A204C525E5;dpca_histdiagnose;98A04D4A-F6DA-4102-92C3-6C9305FD35EC;Other;77
7AEDBF6B-A62D-418A-8B5E-94EB958E3B9D;BCEB4BA7-FC7E-4F09-BFA3-39A204C525E5;dpca_histdiagnose;A77ACEB7-BDDD-4890-A9DF-4F389FF70FAA;"Cannot be determined";19
7AEDBF6B-A62D-418A-8B5E-94EB958E3B9D;BCEB4BA7-FC7E-4F09-BFA3-39A204C525E5;dpca_histdiagnose;84A2006A-D90B-4BFE-BB93-44B8950BE461;Unknown;99
7AEDBF6B-A62D-418A-8B5E-94EB958E3B9D;B3878820-435F-4C15-B528-2BC8C2FA419D;dpca_id;BD192C2E-BCAC-4466-AD7F-D48FED6F2081;"Academisch Medisch Centrum, Amsterdam";103
7AEDBF6B-A62D-418A-8B5E-94EB958E3B9D;B3878820-435F-4C15-B528-2BC8C2FA419D;dpca_id;FDCFA6E8-D333-47CE-B920-9910E3F4C6D8;"Academisch Ziekenhuis Maastricht";113
7AEDBF6B-A62D-418A-8B5E-94EB958E3B9D;B3878820-435F-4C15-B528-2BC8C2FA419D;dpca_id;36747B55-D233-43AE-9F79-2F42F3C9764E;"Admiraal de Ruyter Ziekenhuis, Vlissingen";172
7AEDBF6B-A62D-418A-8B5E-94EB958E3B9D;B3878820-435F-4C15-B528-2BC8C2FA419D;dpca_id;9F9E4D16-F4C9-44ED-8E7A-B98B37B1296A;"Albert Schweitzer Ziekenhuis, Dordrecht";156
7AEDBF6B-A62D-418A-8B5E-94EB958E3B9D;B3878820-435F-4C15-B528-2BC8C2FA419D;dpca_id;23B51845-1FA4-4F57-BB37-605733FC69F1;"Alysis Zorggroep, Zevenaar";502
7AEDBF6B-A62D-418A-8B5E-94EB958E3B9D;B3878820-435F-4C15-B528-2BC8C2FA419D;dpca_id;EB89416A-C378-4D55-96B9-581F338F0D70;"Amphia, Breda";111
7AEDBF6B-A62D-418A-8B5E-94EB958E3B9D;B3878820-435F-4C15-B528-2BC8C2FA419D;dpca_id;F05FD9D2-DE64-4CDC-B03B-4BD3F9D31FEC;"Amstelland Ziekenhuis, Amstelveen";118
7AEDBF6B-A62D-418A-8B5E-94EB958E3B9D;B3878820-435F-4C15-B528-2BC8C2FA419D;dpca_id;34292F20-7CFA-4683-A869-0731C3003ACD;"Antoni van Leeuwenhoek Ziekenhuis, Amsterdam";500
7AEDBF6B-A62D-418A-8B5E-94EB958E3B9D;B3878820-435F-4C15-B528-2BC8C2FA419D;dpca_id;E1FCE462-55F9-495C-B7C1-1881BBC2F033;"Atrium Medisch Centrum, Heerlen";135
7AEDBF6B-A62D-418A-8B5E-94EB958E3B9D;B3878820-435F-4C15-B528-2BC8C2FA419D;dpca_id;11C64083-D3ED-42E6-880C-22F5E213510D;"Beatrix Ziekenhuis (Rivas Zorggroep), Gorinchem";181
7AEDBF6B-A62D-418A-8B5E-94EB958E3B9D;B3878820-435F-4C15-B528-2BC8C2FA419D;dpca_id;1521A8F2-C2D6-47C8-97C2-7F5C27FCDA2B;"Bernhoven Ziekenhuis, Uden";133
7AEDBF6B-A62D-418A-8B5E-94EB958E3B9D;B3878820-435F-4C15-B528-2BC8C2FA419D;dpca_id;0CF3C32F-D759-4E10-8060-48AF8681B57A;"Bethesda Ziekenhuis, Hoogeveen";149
7AEDBF6B-A62D-418A-8B5E-94EB958E3B9D;B3878820-435F-4C15-B528-2BC8C2FA419D;dpca_id;EF0A507C-4AE0-4096-9308-234BFBD26738;"BovenIJ Ziekenhuis, Amsterdam";119
7AEDBF6B-A62D-418A-8B5E-94EB958E3B9D;B3878820-435F-4C15-B528-2BC8C2FA419D;dpca_id;5D2DE4BB-4BBD-4DB1-A148-4C8EB3339FD5;"Bronovo, Den Haag";153
7AEDBF6B-A62D-418A-8B5E-94EB958E3B9D;B3878820-435F-4C15-B528-2BC8C2FA419D;dpca_id;7FC610D2-00F7-470A-8987-C3E22E02960B;"Canisius-Wilhelmina Ziekenhuis, Nijmegen";139
7AEDBF6B-A62D-418A-8B5E-94EB958E3B9D;B3878820-435F-4C15-B528-2BC8C2FA419D;dpca_id;043D0B9C-C664-4F8C-B179-195C5660B444;"Catharina Ziekenhuis, Eindhoven";112
7AEDBF6B-A62D-418A-8B5E-94EB958E3B9D;B3878820-435F-4C15-B528-2BC8C2FA419D;dpca_id;F952354B-F6F4-4156-8C70-CF8A29912358;"De Sionsberg, Dokkum";189
7AEDBF6B-A62D-418A-8B5E-94EB958E3B9D;B3878820-435F-4C15-B528-2BC8C2FA419D;dpca_id;DBC2D54F-ABAD-4A84-8ADF-8061C74AE864;"Deventer Ziekenhuis, Deventer";123
7AEDBF6B-A62D-418A-8B5E-94EB958E3B9D;B3878820-435F-4C15-B528-2BC8C2FA419D;dpca_id;E7A7A754-DA4D-4072-BC44-2C17661CD7B7;"Diaconessenhuis, Leiden";136
7AEDBF6B-A62D-418A-8B5E-94EB958E3B9D;B3878820-435F-4C15-B528-2BC8C2FA419D;dpca_id;E6476698-C976-4AE6-BEFB-76DA58E9BD25;"Diaconessenhuis, Meppel";164
7AEDBF6B-A62D-418A-8B5E-94EB958E3B9D;B3878820-435F-4C15-B528-2BC8C2FA419D;dpca_id;89506D15-853C-4530-AB4A-2BE2BA12CBFB;"Diakonessenhuis, Utrecht";193
7AEDBF6B-A62D-418A-8B5E-94EB958E3B9D;B3878820-435F-4C15-B528-2BC8C2FA419D;dpca_id;7BF5D157-5BBE-4520-8178-93AC4C523914;"Elkerliek Ziekenhuis, Helmond";170
7AEDBF6B-A62D-418A-8B5E-94EB958E3B9D;B3878820-435F-4C15-B528-2BC8C2FA419D;dpca_id;9AE2C2FE-98B9-4BAF-A1F4-68FDC1CDFE6C;"Erasmus Medisch Centrum, Rotterdam";109
7AEDBF6B-A62D-418A-8B5E-94EB958E3B9D;B3878820-435F-4C15-B528-2BC8C2FA419D;dpca_id;7B404C86-68C3-4BAB-AEAE-AC3D831157A7;"Flevoziekenhuis, Almere";131
7AEDBF6B-A62D-418A-8B5E-94EB958E3B9D;B3878820-435F-4C15-B528-2BC8C2FA419D;dpca_id;706BEF9A-6561-4968-93A8-4A2EBBC647A2;"Franciscus Ziekenhuis, Roosendaal";195
7AEDBF6B-A62D-418A-8B5E-94EB958E3B9D;B3878820-435F-4C15-B528-2BC8C2FA419D;dpca_id;A30E3B1B-4852-4E0A-862B-2531D93F5F32;"Gelderse Vallei, Ede";196
7AEDBF6B-A62D-418A-8B5E-94EB958E3B9D;B3878820-435F-4C15-B528-2BC8C2FA419D;dpca_id;37B29867-B674-4A89-9FA3-CFE0CCED0662;"Gelre ziekenhuis, Apeldoorn";143
7AEDBF6B-A62D-418A-8B5E-94EB958E3B9D;B3878820-435F-4C15-B528-2BC8C2FA419D;dpca_id;DFF1C64C-2D65-475C-8AF3-984858C7BE62;"Gelre Ziekenhuis, Zutphen";144
7AEDBF6B-A62D-418A-8B5E-94EB958E3B9D;B3878820-435F-4C15-B528-2BC8C2FA419D;dpca_id;F1B4F616-B5C7-487B-BA99-F7A873A6D53D;"Gemini Ziekenhuis, Den Helder";187
7AEDBF6B-A62D-418A-8B5E-94EB958E3B9D;B3878820-435F-4C15-B528-2BC8C2FA419D;dpca_id;8C126D71-A170-4A6C-A33A-4046358E7C68;"Groene Hart Ziekenhuis, Gouda";151
7AEDBF6B-A62D-418A-8B5E-94EB958E3B9D;B3878820-435F-4C15-B528-2BC8C2FA419D;dpca_id;F30DEDCD-4FAE-4B90-BEE5-9AB9A8F61E47;"HagaZiekenhuis, Den Haag";152
7AEDBF6B-A62D-418A-8B5E-94EB958E3B9D;B3878820-435F-4C15-B528-2BC8C2FA419D;dpca_id;ADE932A4-2360-4016-B490-EF809A56FDF0;"Havenziekenhuis, Rotterdam";202
7AEDBF6B-A62D-418A-8B5E-94EB958E3B9D;B3878820-435F-4C15-B528-2BC8C2FA419D;dpca_id;B770B6C3-A511-406B-9B74-A46603422A6C;"Hofpoort Ziekenhuis, Woerden";158
7AEDBF6B-A62D-418A-8B5E-94EB958E3B9D;B3878820-435F-4C15-B528-2BC8C2FA419D;dpca_id;5002D9B8-2838-4A18-92F7-204AD042DF16;"IJsselland Ziekenhuis, Capelle a/d Ijssel";173
7AEDBF6B-A62D-418A-8B5E-94EB958E3B9D;B3878820-435F-4C15-B528-2BC8C2FA419D;dpca_id;DB0A21F9-E160-48B3-8BD6-8FBDB0C06466;"Ijsselmeerziekenhuizen, Lelystad";116
7AEDBF6B-A62D-418A-8B5E-94EB958E3B9D;B3878820-435F-4C15-B528-2BC8C2FA419D;dpca_id;995E33CD-F6A3-4752-A614-9933AE6044BB;"Ikazia Ziekenhuis, Rotterdam";177
7AEDBF6B-A62D-418A-8B5E-94EB958E3B9D;B3878820-435F-4C15-B528-2BC8C2FA419D;dpca_id;ED413BEB-A401-4512-92FD-0401947F07D8;"Isala Klinieken, Zwolle";121
7AEDBF6B-A62D-418A-8B5E-94EB958E3B9D;B3878820-435F-4C15-B528-2BC8C2FA419D;dpca_id;B44C9A0F-4B51-47F8-A35F-FB58869B923F;"Jeroen Bosch Ziekenhuis, 's-Hertogenbosch";155
7AEDBF6B-A62D-418A-8B5E-94EB958E3B9D;B3878820-435F-4C15-B528-2BC8C2FA419D;dpca_id;9183140A-A39F-4BC4-808A-782B84561809;"Kennemer Gasthuis, Haarlem";137
7AEDBF6B-A62D-418A-8B5E-94EB958E3B9D;B3878820-435F-4C15-B528-2BC8C2FA419D;dpca_id;8D0E3CBA-1702-40A9-B1CE-75ED8D6AEFD5;"LangeLand Ziekenhuis, Zoetermeer";194
7AEDBF6B-A62D-418A-8B5E-94EB958E3B9D;B3878820-435F-4C15-B528-2BC8C2FA419D;dpca_id;33D1F813-C362-469B-9B56-75224889E7A2;"Laurentius Ziekenhuis, Roermond";163
7AEDBF6B-A62D-418A-8B5E-94EB958E3B9D;B3878820-435F-4C15-B528-2BC8C2FA419D;dpca_id;5AD3A359-0832-43A7-8955-9F0CEA26E88A;"Leids Universitair Medisch Centrum, Leiden";106
7AEDBF6B-A62D-418A-8B5E-94EB958E3B9D;B3878820-435F-4C15-B528-2BC8C2FA419D;dpca_id;9E4F8021-FE42-4090-B9B8-D578A95C9A66;"Lievensberg Ziekenhuis, Bergen op Zoom";191
7AEDBF6B-A62D-418A-8B5E-94EB958E3B9D;B3878820-435F-4C15-B528-2BC8C2FA419D;dpca_id;DE68AF02-A8EC-4B8C-92A2-AAB72AFFBEBB;"Maasstad Ziekenhuis, Rotterdam";211
7AEDBF6B-A62D-418A-8B5E-94EB958E3B9D;B3878820-435F-4C15-B528-2BC8C2FA419D;dpca_id;534FD186-210D-4741-9233-65FAC4F73A6F;"Maasziekenhuis, Boxmeer";142
7AEDBF6B-A62D-418A-8B5E-94EB958E3B9D;B3878820-435F-4C15-B528-2BC8C2FA419D;dpca_id;7F28123D-9673-4DB9-A95A-B9B2DE1E2D67;"Martini Ziekenhuis, Groningen";147
7AEDBF6B-A62D-418A-8B5E-94EB958E3B9D;B3878820-435F-4C15-B528-2BC8C2FA419D;dpca_id;F4858A96-33A2-4DE3-AA1C-D39F77067DFC;"Máxima Medisch Centrum, Veldhoven";132
7AEDBF6B-A62D-418A-8B5E-94EB958E3B9D;B3878820-435F-4C15-B528-2BC8C2FA419D;dpca_id;DE805DDD-A0CD-41C3-8226-5D7F0AE01352;"Meander Medisch Centrum, Amersfoort";175
7AEDBF6B-A62D-418A-8B5E-94EB958E3B9D;B3878820-435F-4C15-B528-2BC8C2FA419D;dpca_id;84D50201-9DE9-4064-B528-14315B066825;"Medisch Centrum Alkmaar";126
7AEDBF6B-A62D-418A-8B5E-94EB958E3B9D;B3878820-435F-4C15-B528-2BC8C2FA419D;dpca_id;F5F8F7A2-70A5-46F7-B5FF-7B6BEA8C28F9;"Medisch Centrum Haaglanden, Den Haag";167
7AEDBF6B-A62D-418A-8B5E-94EB958E3B9D;B3878820-435F-4C15-B528-2BC8C2FA419D;dpca_id;D55F3DE3-4158-4A37-A05E-6E2941ABCE9F;"Medisch Centrum Leeuwarden";148
7AEDBF6B-A62D-418A-8B5E-94EB958E3B9D;B3878820-435F-4C15-B528-2BC8C2FA419D;dpca_id;71A41E0C-EB19-4080-AD4D-13E07E7662D1;"Medisch Spectrum Twente, Enschede";124
7AEDBF6B-A62D-418A-8B5E-94EB958E3B9D;B3878820-435F-4C15-B528-2BC8C2FA419D;dpca_id;9EFF8A1A-4A5D-420E-8682-0545952EA8F4;"Nij Smellinghe, Drachten";157
7AEDBF6B-A62D-418A-8B5E-94EB958E3B9D;B3878820-435F-4C15-B528-2BC8C2FA419D;dpca_id;7E221CE7-8BD9-4C50-805F-D738B21242D7;"Ommelander Ziekenhuis Groep, Delfzijl/Winschoten";183
7AEDBF6B-A62D-418A-8B5E-94EB958E3B9D;B3878820-435F-4C15-B528-2BC8C2FA419D;dpca_id;600FAC5D-21E2-413C-90E9-AC9D98B6713E;"Onze Lieve Vrouwe Gasthuis, Amsterdam";105
7AEDBF6B-A62D-418A-8B5E-94EB958E3B9D;B3878820-435F-4C15-B528-2BC8C2FA419D;dpca_id;5B95E4AB-6A4A-417C-B78C-9EB70037E9B6;"Orbis Medisch Centrum, Sittard";134
7AEDBF6B-A62D-418A-8B5E-94EB958E3B9D;B3878820-435F-4C15-B528-2BC8C2FA419D;dpca_id;664DCEA6-B3AA-49E1-8E37-25967E729A61;"Refaja Ziekenhuis, Stadskanaal";501
7AEDBF6B-A62D-418A-8B5E-94EB958E3B9D;B3878820-435F-4C15-B528-2BC8C2FA419D;dpca_id;848A3D9C-2A5B-405A-A9B5-ECF3047EB0A5;"Reinier de Graaf Groep, Delft";166
7AEDBF6B-A62D-418A-8B5E-94EB958E3B9D;B3878820-435F-4C15-B528-2BC8C2FA419D;dpca_id;427512A3-9AA3-469F-BE31-3B5249A3CA30;"Rijnland ziekenhuis, Leiderdorp";185
7AEDBF6B-A62D-418A-8B5E-94EB958E3B9D;B3878820-435F-4C15-B528-2BC8C2FA419D;dpca_id;A2D474B8-7732-439E-999E-DF1E23CD16AF;"Rijnstate Ziekenhuis, Arnhem";128
7AEDBF6B-A62D-418A-8B5E-94EB958E3B9D;B3878820-435F-4C15-B528-2BC8C2FA419D;dpca_id;762C6973-048B-4511-B5DF-79C6F8053ECA;"Rode Kruis Ziekenhuis, Beverwijk";192
7AEDBF6B-A62D-418A-8B5E-94EB958E3B9D;B3878820-435F-4C15-B528-2BC8C2FA419D;dpca_id;B1C91E91-0BD3-493D-A406-DDEE4331A9A3;"Röpcke Zweers Ziekenhuis, Hardenberg";199
7AEDBF6B-A62D-418A-8B5E-94EB958E3B9D;B3878820-435F-4C15-B528-2BC8C2FA419D;dpca_id;936CB4E1-9851-42A3-893A-5986CD515264;"Spijkenisse Medisch Centrum, Spijkenisse";203
7AEDBF6B-A62D-418A-8B5E-94EB958E3B9D;B3878820-435F-4C15-B528-2BC8C2FA419D;dpca_id;24E3B40A-3BDF-46EC-BF91-6654AA7BDA60;"Scheperziekenhuis, Emmen";160
7AEDBF6B-A62D-418A-8B5E-94EB958E3B9D;B3878820-435F-4C15-B528-2BC8C2FA419D;dpca_id;E829F75F-DF41-41FB-8B72-240E4F9B583B;"Sint Anna Ziekenhuis, Geldrop";184
7AEDBF6B-A62D-418A-8B5E-94EB958E3B9D;B3878820-435F-4C15-B528-2BC8C2FA419D;dpca_id;D5154E6D-E5D0-4B6A-BFAF-6F132B1369D5;"Sint Antonius Ziekenhuis, Nieuwegein";108
7AEDBF6B-A62D-418A-8B5E-94EB958E3B9D;B3878820-435F-4C15-B528-2BC8C2FA419D;dpca_id;AE25CA68-2306-4E64-8513-ED55D3CD0E39;"Sint Elisabeth Hospitaal, Curacao";504
7AEDBF6B-A62D-418A-8B5E-94EB958E3B9D;B3878820-435F-4C15-B528-2BC8C2FA419D;dpca_id;A9965432-2BC9-4D98-A9B6-D848FB89971E;"Sint Elisabeth Ziekenhuis, Tilburg";178
7AEDBF6B-A62D-418A-8B5E-94EB958E3B9D;B3878820-435F-4C15-B528-2BC8C2FA419D;dpca_id;83793C14-E542-4A61-83E0-993705280054;"Sint Franciscus Gasthuis, Rotterdam";114
7AEDBF6B-A62D-418A-8B5E-94EB958E3B9D;B3878820-435F-4C15-B528-2BC8C2FA419D;dpca_id;C14CBD72-6785-490E-B590-F041F852B3BD;"Sint Jansdal Ziekenhuis, Harderwijk";138
7AEDBF6B-A62D-418A-8B5E-94EB958E3B9D;B3878820-435F-4C15-B528-2BC8C2FA419D;dpca_id;92E023E0-AD7A-435B-A12A-B09531A5BB91;"Sint Jansgasthuis, Weert";197
7AEDBF6B-A62D-418A-8B5E-94EB958E3B9D;B3878820-435F-4C15-B528-2BC8C2FA419D;dpca_id;D3E6EBE8-5E6F-4B22-B1F9-73B0146E379F;"Sint Lucas Andreas Ziekenhuis, Amsterdam";186
7AEDBF6B-A62D-418A-8B5E-94EB958E3B9D;B3878820-435F-4C15-B528-2BC8C2FA419D;dpca_id;5D3C4EE2-44E4-45AC-AAD2-E20EB43953D3;"Slingeland Ziekenhuis, Doetinchem";165
7AEDBF6B-A62D-418A-8B5E-94EB958E3B9D;B3878820-435F-4C15-B528-2BC8C2FA419D;dpca_id;AC7D0EEF-49D0-46DC-859C-18EDCA89169C;"Slotervaart Ziekenhuis, Amsterdam";129
7AEDBF6B-A62D-418A-8B5E-94EB958E3B9D;B3878820-435F-4C15-B528-2BC8C2FA419D;dpca_id;FF1BEDC1-8BAD-498D-84C3-A1DB41F092E9;"Spaarne Ziekenhuis, Hoofddorp";122
7AEDBF6B-A62D-418A-8B5E-94EB958E3B9D;B3878820-435F-4C15-B528-2BC8C2FA419D;dpca_id;C06E41BA-CAE3-431A-8A0D-1D308A00145F;"Stichting ZorgSaam Zeeuws Vlaanderen, Terneuzen";201
7AEDBF6B-A62D-418A-8B5E-94EB958E3B9D;B3878820-435F-4C15-B528-2BC8C2FA419D;dpca_id;43367878-B4CF-41B1-94E7-869AF12F1A13;"Streekziekenhuis Koningin Beatrix, Winterswijk";146
7AEDBF6B-A62D-418A-8B5E-94EB958E3B9D;B3878820-435F-4C15-B528-2BC8C2FA419D;dpca_id;14CE275B-64FC-4563-8143-E99F2699B5F3;"Tergooi Ziekenhuizen, Hilversum";182
7AEDBF6B-A62D-418A-8B5E-94EB958E3B9D;B3878820-435F-4C15-B528-2BC8C2FA419D;dpca_id;0D15F19E-5BF2-4F5A-B513-C646963B34F4;"Tjongerschans Ziekenhuis, Heereveen";169
7AEDBF6B-A62D-418A-8B5E-94EB958E3B9D;B3878820-435F-4C15-B528-2BC8C2FA419D;dpca_id;D1CC6ED8-850E-4D1E-BDFD-B04B7BEB49C6;"TweeSteden Ziekenhuis, Tilburg";127
7AEDBF6B-A62D-418A-8B5E-94EB958E3B9D;B3878820-435F-4C15-B528-2BC8C2FA419D;dpca_id;442F108B-FB5D-4118-B4A6-4E9A39F90499;"UMC St. Radboud, Nijmegen";110
7AEDBF6B-A62D-418A-8B5E-94EB958E3B9D;B3878820-435F-4C15-B528-2BC8C2FA419D;dpca_id;51938619-986F-41BF-9CC3-585059284B61;"Universitair Medisch Centrum Groningen";101
7AEDBF6B-A62D-418A-8B5E-94EB958E3B9D;B3878820-435F-4C15-B528-2BC8C2FA419D;dpca_id;27522890-20CB-4BEC-A4D5-BAB8186EC06E;"Universitair Medisch Centrum Utrecht";107
7AEDBF6B-A62D-418A-8B5E-94EB958E3B9D;B3878820-435F-4C15-B528-2BC8C2FA419D;dpca_id;6B548022-760D-47AB-90D9-09C31FF85BAE;"Van Weel Ziekenhuis, Dirksland";204
7AEDBF6B-A62D-418A-8B5E-94EB958E3B9D;B3878820-435F-4C15-B528-2BC8C2FA419D;dpca_id;3F70A84B-8441-45B3-9B51-1BFDA8C0F0FD;"VieCuri Medisch Centrum, Venlo";140
7AEDBF6B-A62D-418A-8B5E-94EB958E3B9D;B3878820-435F-4C15-B528-2BC8C2FA419D;dpca_id;2149966E-C38D-41AB-913E-0FA6E3598E99;"Vlietland Ziekenhuis, Schiedam/Vlaardingen";150
7AEDBF6B-A62D-418A-8B5E-94EB958E3B9D;B3878820-435F-4C15-B528-2BC8C2FA419D;dpca_id;9B0F5E6B-2808-4877-BAB9-ED25658E3E04;"VU Medisch Centrum, Amsterdam";104
7AEDBF6B-A62D-418A-8B5E-94EB958E3B9D;B3878820-435F-4C15-B528-2BC8C2FA419D;dpca_id;5CF109C9-5B4F-4188-B0BB-D36D3C1ECB8B;"Waterland Ziekenhuis, Purmerend";171
7AEDBF6B-A62D-418A-8B5E-94EB958E3B9D;B3878820-435F-4C15-B528-2BC8C2FA419D;dpca_id;BCB52005-7A79-4623-AB55-1AE29124ECBC;"Westfries Gasthuis, Hoorn";120
7AEDBF6B-A62D-418A-8B5E-94EB958E3B9D;B3878820-435F-4C15-B528-2BC8C2FA419D;dpca_id;48EA0968-B2D7-40AF-9AB9-9A65CEF9C099;"Wilhelminaziekenhuis, Assen";179
7AEDBF6B-A62D-418A-8B5E-94EB958E3B9D;B3878820-435F-4C15-B528-2BC8C2FA419D;dpca_id;75D3D227-9444-48B5-A75F-9F68A2621391;"Zaans Medisch Centrum, Zaandam";117
7AEDBF6B-A62D-418A-8B5E-94EB958E3B9D;B3878820-435F-4C15-B528-2BC8C2FA419D;dpca_id;D4D20092-89BC-43F4-B6D7-06D6C2D80A54;"Ziekenhuis Rivierenland, Tiel";168
7AEDBF6B-A62D-418A-8B5E-94EB958E3B9D;B3878820-435F-4C15-B528-2BC8C2FA419D;dpca_id;EBBD446F-624D-4FFC-8172-4E93AE5BC4F9;"Ziekenhuisgroep Twente, Hengelo / Almelo";505
7AEDBF6B-A62D-418A-8B5E-94EB958E3B9D;B3878820-435F-4C15-B528-2BC8C2FA419D;dpca_id;7EA384E7-6827-4735-8255-E8E09F0D38CD;"Center Haaglanden";267
7AEDBF6B-A62D-418A-8B5E-94EB958E3B9D;B3878820-435F-4C15-B528-2BC8C2FA419D;dpca_id;C29331F6-0C97-4832-B551-D929A8135387;"Ommelander Ziekenhuis Groep - locatie St. Lucas";180
7AEDBF6B-A62D-418A-8B5E-94EB958E3B9D;B3878820-435F-4C15-B528-2BC8C2FA419D;dpca_id;F5C1B39C-1D34-49D1-A996-9A614C8F785A;"Bravis Ziekenhuis, Roosendaal";241
7AEDBF6B-A62D-418A-8B5E-94EB958E3B9D;B3878820-435F-4C15-B528-2BC8C2FA419D;dpca_id;6AD76F9D-49A1-40D7-879E-BED0CA060ED3;"Haaglanden Medisch Centrum, Den Haag";601
7AEDBF6B-A62D-418A-8B5E-94EB958E3B9D;B3878820-435F-4C15-B528-2BC8C2FA419D;dpca_id;BCB34CEE-FAA0-46BB-9E1D-2BF8CDCE056C;"Spaarne Gasthuis, Hoofddorp";617
7AEDBF6B-A62D-418A-8B5E-94EB958E3B9D;B3878820-435F-4C15-B528-2BC8C2FA419D;dpca_id;12A7CEB4-7561-44E0-BD67-7B9C15CEF51E;"Noordwest Ziekenhuisgroep, Alkmaar";618
7AEDBF6B-A62D-418A-8B5E-94EB958E3B9D;B3878820-435F-4C15-B528-2BC8C2FA419D;dpca_id;2DA2301E-6BDC-42DA-96DF-2954091FCC3C;"Zuyderland Medisch Centrum, Heerlen";807
7AEDBF6B-A62D-418A-8B5E-94EB958E3B9D;B3878820-435F-4C15-B528-2BC8C2FA419D;dpca_id;4AE878FC-39BF-4150-A680-F68B17083044;"Stichting Onze Lieve Vrouwe Gasthuis, Amsterdam";1403
7AEDBF6B-A62D-418A-8B5E-94EB958E3B9D;B3878820-435F-4C15-B528-2BC8C2FA419D;dpca_id;DC6767F5-6F2B-43ED-93C7-26D96145FF7C;"Gelre Ziekenhuizen, Apeldoorn";1561
7AEDBF6B-A62D-418A-8B5E-94EB958E3B9D;B3878820-435F-4C15-B528-2BC8C2FA419D;dpca_id;596A2951-2720-4D6F-8AA7-66912BD80419;"Elisabeth TweeSteden Ziekenhuis, Tilburg";600
7AEDBF6B-A62D-418A-8B5E-94EB958E3B9D;B3878820-435F-4C15-B528-2BC8C2FA419D;dpca_id;6280674C-E1C3-41A8-AC5C-32AD352D0F13;"Alrijne Zorggroep, Leiderdorp";266
7AEDBF6B-A62D-418A-8B5E-94EB958E3B9D;B3878820-435F-4C15-B528-2BC8C2FA419D;dpca_id;FAA12E46-0049-4AAA-9C6E-BA2ED245673E;"Antonius Ziekenhuis Zuid West Friesland, Sneek";162
7AEDBF6B-A62D-418A-8B5E-94EB958E3B9D;C4FDB665-5A23-41EE-A922-459C5BE7B89B;dpca_invasief;38DC9770-BCF9-4508-9FB7-1C56C161541C;No;0
7AEDBF6B-A62D-418A-8B5E-94EB958E3B9D;C4FDB665-5A23-41EE-A922-459C5BE7B89B;dpca_invasief;720765D7-2EE8-4CDF-A866-36A70ABFB88F;"Yes, laparoscopy with conversion";1
7AEDBF6B-A62D-418A-8B5E-94EB958E3B9D;C4FDB665-5A23-41EE-A922-459C5BE7B89B;dpca_invasief;7BA95D50-AA54-411F-BE4D-D5295F5A8D98;"Yes, laparoscopy without conversion";2
7AEDBF6B-A62D-418A-8B5E-94EB958E3B9D;C4FDB665-5A23-41EE-A922-459C5BE7B89B;dpca_invasief;18B361C6-0334-4CFF-8F5F-016E40B316CB;"Yes, robot-assisted with conversion";3
7AEDBF6B-A62D-418A-8B5E-94EB958E3B9D;C4FDB665-5A23-41EE-A922-459C5BE7B89B;dpca_invasief;72A8FA2E-E3FA-449D-A6EB-92B36B084870;"Yes, robot-assisted without conversion";4
7AEDBF6B-A62D-418A-8B5E-94EB958E3B9D;C4FDB665-5A23-41EE-A922-459C5BE7B89B;dpca_invasief;A62124AE-DC3E-4FF2-9DEA-298240F3909C;Unknown;9
7AEDBF6B-A62D-418A-8B5E-94EB958E3B9D;98C4D977-A118-48B1-A202-F99727AFF8CC;dpca_invasiefdim;3C24E841-52B3-4901-AD79-DFE06206EA98;2D;1
7AEDBF6B-A62D-418A-8B5E-94EB958E3B9D;98C4D977-A118-48B1-A202-F99727AFF8CC;dpca_invasiefdim;12A6E9AB-3102-4FEF-81E5-8D6C7462F410;"3D whole operation";2
7AEDBF6B-A62D-418A-8B5E-94EB958E3B9D;98C4D977-A118-48B1-A202-F99727AFF8CC;dpca_invasiefdim;9430414A-ABB9-4364-B504-1DC20180A790;"3D anastomosis only";3
7AEDBF6B-A62D-418A-8B5E-94EB958E3B9D;794EFBF4-37BA-42AB-ABF9-EC4032E0C291;dpca_jn;0F81A147-9CA1-446D-8204-E1AB9F7D07BC;No;0
7AEDBF6B-A62D-418A-8B5E-94EB958E3B9D;794EFBF4-37BA-42AB-ABF9-EC4032E0C291;dpca_jn;1E4FCD19-2EE5-4750-B6FD-23B878E10042;Yes;1
7AEDBF6B-A62D-418A-8B5E-94EB958E3B9D;EA8CD9A2-386E-4DE4-8B27-870467C20E72;dpca_jno;E2A68197-AB4B-429C-8AAC-5138AFEC9E85;No;0
7AEDBF6B-A62D-418A-8B5E-94EB958E3B9D;EA8CD9A2-386E-4DE4-8B27-870467C20E72;dpca_jno;273D73E1-E672-4538-B482-2C10BA4A7F46;Yes;1
7AEDBF6B-A62D-418A-8B5E-94EB958E3B9D;EA8CD9A2-386E-4DE4-8B27-870467C20E72;dpca_jno;09666195-64D4-4D1D-A522-244ED94A743F;Unknown;9
7AEDBF6B-A62D-418A-8B5E-94EB958E3B9D;FC752296-4134-4882-9D14-042D1EAEA992;dpca_lapexplor;5B4D7A6F-E180-48CA-96DB-0481D4CDE987;Yes;1
7AEDBF6B-A62D-418A-8B5E-94EB958E3B9D;FC752296-4134-4882-9D14-042D1EAEA992;dpca_lapexplor;10F0612B-24BC-47C1-BA83-38C958C6DBAA;"No, peritoneal metastases";2
7AEDBF6B-A62D-418A-8B5E-94EB958E3B9D;FC752296-4134-4882-9D14-042D1EAEA992;dpca_lapexplor;4B5D58B5-EF45-4D2A-82C2-C6CEE3B38151;"No, liver metastases";3
7AEDBF6B-A62D-418A-8B5E-94EB958E3B9D;FC752296-4134-4882-9D14-042D1EAEA992;dpca_lapexplor;74ADD2B6-3945-4D7E-AD5E-0EA10441D47B;"No, local extension";4
7AEDBF6B-A62D-418A-8B5E-94EB958E3B9D;FC752296-4134-4882-9D14-042D1EAEA992;dpca_lapexplor;BE7E1B41-77EC-4C43-B106-519E4184B040;"No, lymph node distant metastases";5
7AEDBF6B-A62D-418A-8B5E-94EB958E3B9D;FC752296-4134-4882-9D14-042D1EAEA992;dpca_lapexplor;5F285AA8-A0A4-41D7-8272-54FCD76B31B2;Unknown;9
7AEDBF6B-A62D-418A-8B5E-94EB958E3B9D;BABA0ACB-6265-4655-8803-A8632CD90069;dpca_lichbouw;2936636F-72A3-47A5-A81B-1EEBB1211DA7;Small;0
7AEDBF6B-A62D-418A-8B5E-94EB958E3B9D;BABA0ACB-6265-4655-8803-A8632CD90069;dpca_lichbouw;D132DB19-F47B-423E-BF9E-B6DB0782CB80;Average;1
7AEDBF6B-A62D-418A-8B5E-94EB958E3B9D;BABA0ACB-6265-4655-8803-A8632CD90069;dpca_lichbouw;961A866D-E656-4C39-BF04-4AC79B04CFE4;Large;2
7AEDBF6B-A62D-418A-8B5E-94EB958E3B9D;BABA0ACB-6265-4655-8803-A8632CD90069;dpca_lichbouw;285D0574-FAB4-4250-86A7-669381EF2345;Unknown;9999
7AEDBF6B-A62D-418A-8B5E-94EB958E3B9D;300A3B61-DFF7-419F-A186-D28F0CC1D13E;dpca_lokalisatie;087049BC-64F5-4FFE-9B79-93B848056055;"Pancreas (head)";1
7AEDBF6B-A62D-418A-8B5E-94EB958E3B9D;300A3B61-DFF7-419F-A186-D28F0CC1D13E;dpca_lokalisatie;FF146490-38D1-4EDE-8863-71D651CF7305;"Pancreas (corpus)";2
7AEDBF6B-A62D-418A-8B5E-94EB958E3B9D;300A3B61-DFF7-419F-A186-D28F0CC1D13E;dpca_lokalisatie;B03D04FC-747C-4AB2-A3EE-8B94F4369C3C;"Pancreas (tail)";3
7AEDBF6B-A62D-418A-8B5E-94EB958E3B9D;300A3B61-DFF7-419F-A186-D28F0CC1D13E;dpca_lokalisatie;EBF8EC5E-3A67-47F0-9BA2-A5A9ECE9C856;Periampullary;4
7AEDBF6B-A62D-418A-8B5E-94EB958E3B9D;300A3B61-DFF7-419F-A186-D28F0CC1D13E;dpca_lokalisatie;634C912A-5338-43F9-BBBA-E1E1FC579D54;Duodenum;5
7AEDBF6B-A62D-418A-8B5E-94EB958E3B9D;300A3B61-DFF7-419F-A186-D28F0CC1D13E;dpca_lokalisatie;C32E6B26-4168-4123-887C-027DE1133DCE;Unknown;9
7AEDBF6B-A62D-418A-8B5E-94EB958E3B9D;66B0712C-B307-4CC9-899F-FEB24B70A7D6;dpca_maagontl;ECE0EC8B-3E1D-4118-A2F1-AEFD982FEE76;"No or grade A: Nasogastric feed until day 4-7 or replacement after day 3 postop OR oral intake from day 7, before day 14";1
7AEDBF6B-A62D-418A-8B5E-94EB958E3B9D;66B0712C-B307-4CC9-899F-FEB24B70A7D6;dpca_maagontl;53EDF98B-EC16-4169-8612-7F14DB8C4373;"Grade B: Nasogastric feed until day 8-14 or replacement after day 7 postop OR oral intake from day 14, before day 21";2
7AEDBF6B-A62D-418A-8B5E-94EB958E3B9D;66B0712C-B307-4CC9-899F-FEB24B70A7D6;dpca_maagontl;8912EE12-FA2F-43C2-894B-A457A3C7CE27;"Grade C: Nasogastric feed from day 14 or replacement after day 14 postop OR oral intake from day 21";3
7AEDBF6B-A62D-418A-8B5E-94EB958E3B9D;66B0712C-B307-4CC9-899F-FEB24B70A7D6;dpca_maagontl;222ED3FD-F0F0-4BF5-8A8B-2415CC30B4D3;Unknown;9
7AEDBF6B-A62D-418A-8B5E-94EB958E3B9D;AB19E9CF-A386-43E2-9ABE-A89DF2C4E6C1;dpca_MNA;52A4B311-D4BB-4F79-969B-5852AA3B7B94;0;0
7AEDBF6B-A62D-418A-8B5E-94EB958E3B9D;AB19E9CF-A386-43E2-9ABE-A89DF2C4E6C1;dpca_MNA;49D7A8C3-2C6A-445B-88FA-C4BFA2CAC461;1;1
7AEDBF6B-A62D-418A-8B5E-94EB958E3B9D;AB19E9CF-A386-43E2-9ABE-A89DF2C4E6C1;dpca_MNA;ECBA6457-92A3-4B99-A76D-2993FCCFE70E;2;2
7AEDBF6B-A62D-418A-8B5E-94EB958E3B9D;AB19E9CF-A386-43E2-9ABE-A89DF2C4E6C1;dpca_MNA;82C60474-F669-4F83-93E6-5058D9FDAA01;3;3
7AEDBF6B-A62D-418A-8B5E-94EB958E3B9D;AB19E9CF-A386-43E2-9ABE-A89DF2C4E6C1;dpca_MNA;C77AD2C4-F6CF-4BDA-8C39-1F8578D96520;4;4
7AEDBF6B-A62D-418A-8B5E-94EB958E3B9D;AB19E9CF-A386-43E2-9ABE-A89DF2C4E6C1;dpca_MNA;06776783-A1E1-4598-94E3-0E2874F874D8;5;5
7AEDBF6B-A62D-418A-8B5E-94EB958E3B9D;AB19E9CF-A386-43E2-9ABE-A89DF2C4E6C1;dpca_MNA;A3C50B40-1635-4F7C-9045-8176617318F7;6;6
7AEDBF6B-A62D-418A-8B5E-94EB958E3B9D;AB19E9CF-A386-43E2-9ABE-A89DF2C4E6C1;dpca_MNA;0506F14B-11B9-43E7-8037-575C5526E296;7;7
7AEDBF6B-A62D-418A-8B5E-94EB958E3B9D;AB19E9CF-A386-43E2-9ABE-A89DF2C4E6C1;dpca_MNA;CBFF64A6-A70D-4051-B3E8-E9AB640FE357;8;8
7AEDBF6B-A62D-418A-8B5E-94EB958E3B9D;AB19E9CF-A386-43E2-9ABE-A89DF2C4E6C1;dpca_MNA;C2837814-6593-4832-9BA9-4DB8844FAFBD;9;9
7AEDBF6B-A62D-418A-8B5E-94EB958E3B9D;AB19E9CF-A386-43E2-9ABE-A89DF2C4E6C1;dpca_MNA;2539CFD7-12A3-4F22-9CF8-DE0A92AE349C;10;10
7AEDBF6B-A62D-418A-8B5E-94EB958E3B9D;AB19E9CF-A386-43E2-9ABE-A89DF2C4E6C1;dpca_MNA;D9027F65-7314-4968-A1BF-218BA25A0DF5;11;11
7AEDBF6B-A62D-418A-8B5E-94EB958E3B9D;AB19E9CF-A386-43E2-9ABE-A89DF2C4E6C1;dpca_MNA;E8C1CD33-0934-48E3-A566-2046F25A7D30;12;12
7AEDBF6B-A62D-418A-8B5E-94EB958E3B9D;AB19E9CF-A386-43E2-9ABE-A89DF2C4E6C1;dpca_MNA;EE178D7C-164F-4DF7-9548-E74410BEAC4F;13;13
7AEDBF6B-A62D-418A-8B5E-94EB958E3B9D;AB19E9CF-A386-43E2-9ABE-A89DF2C4E6C1;dpca_MNA;5E7F4CD4-DFD8-404D-BCAF-330AE320E3F0;14;14
7AEDBF6B-A62D-418A-8B5E-94EB958E3B9D;AB19E9CF-A386-43E2-9ABE-A89DF2C4E6C1;dpca_MNA;6ADE309F-0749-49A2-9602-57308A6484A6;Unknown;9999
7AEDBF6B-A62D-418A-8B5E-94EB958E3B9D;1D657F0D-8D3E-4B2F-B609-31883701A28E;dpca_MUST;A5902FAD-027C-49E1-B08D-74AACEE4D6A5;0;0
7AEDBF6B-A62D-418A-8B5E-94EB958E3B9D;1D657F0D-8D3E-4B2F-B609-31883701A28E;dpca_MUST;C349376F-191F-4897-9D85-56DD6418A97C;1;1
7AEDBF6B-A62D-418A-8B5E-94EB958E3B9D;1D657F0D-8D3E-4B2F-B609-31883701A28E;dpca_MUST;4257CDFA-EE55-4969-9FD1-CBBCEAA75AAE;2;2
7AEDBF6B-A62D-418A-8B5E-94EB958E3B9D;1D657F0D-8D3E-4B2F-B609-31883701A28E;dpca_MUST;5E2BB7F6-9BBA-45B5-9688-7C8F2B0EA5B3;3;3
7AEDBF6B-A62D-418A-8B5E-94EB958E3B9D;1D657F0D-8D3E-4B2F-B609-31883701A28E;dpca_MUST;60D3F659-693D-4CED-AE10-D0F02F5CA9F5;4;4
7AEDBF6B-A62D-418A-8B5E-94EB958E3B9D;1D657F0D-8D3E-4B2F-B609-31883701A28E;dpca_MUST;62C21A3F-3E7A-4DC4-814B-1985A1AAEA74;5;5
7AEDBF6B-A62D-418A-8B5E-94EB958E3B9D;1D657F0D-8D3E-4B2F-B609-31883701A28E;dpca_MUST;5479EDB8-B6AB-4840-B20E-5160B0EDE062;6;6
7AEDBF6B-A62D-418A-8B5E-94EB958E3B9D;1D657F0D-8D3E-4B2F-B609-31883701A28E;dpca_MUST;9D5F2B47-E94B-4857-9057-09D077FF4B1B;Unknown;9999
7AEDBF6B-A62D-418A-8B5E-94EB958E3B9D;6575F2EB-6118-49CD-95ED-2262E04A5449;dpca_neorecist;F2711868-4A1A-425F-A59C-67285D24F5BD;"Complete response: lesion disappeared";1
7AEDBF6B-A62D-418A-8B5E-94EB958E3B9D;6575F2EB-6118-49CD-95ED-2262E04A5449;dpca_neorecist;E3B5D28C-9A26-4EB8-B9EF-F34E77ABC680;"Partial response: >= 30% decrease in tumor largest diameter";2
7AEDBF6B-A62D-418A-8B5E-94EB958E3B9D;6575F2EB-6118-49CD-95ED-2262E04A5449;dpca_neorecist;DC905823-6212-4744-B4CB-1AE5E5FA9032;"Stable disease: insufficient decrease or increase of tumor associated with partial response or progressive disease and no new lesions";3
7AEDBF6B-A62D-418A-8B5E-94EB958E3B9D;6575F2EB-6118-49CD-95ED-2262E04A5449;dpca_neorecist;83714FF2-0193-4368-B33A-33E3298C038B;"Progressive disease: >= 20% increase in tumor largest diameter";4
7AEDBF6B-A62D-418A-8B5E-94EB958E3B9D;6575F2EB-6118-49CD-95ED-2262E04A5449;dpca_neorecist;42E970FF-5F42-41E7-A4BD-76DA134B5B72;Unknown;9
7AEDBF6B-A62D-418A-8B5E-94EB958E3B9D;4501FF24-FD67-4902-B929-57E1D7AB7F6B;dpca_onderzoek;23F1F8B0-0851-49F0-816A-415F6B58C5BF;"Duodenoscopy with biopt Papil van Vater";1
7AEDBF6B-A62D-418A-8B5E-94EB958E3B9D;4501FF24-FD67-4902-B929-57E1D7AB7F6B;dpca_onderzoek;5179CB82-75D6-49E8-A0C2-0FA95E111223;"ERCP with brush";2
7AEDBF6B-A62D-418A-8B5E-94EB958E3B9D;4501FF24-FD67-4902-B929-57E1D7AB7F6B;dpca_onderzoek;EC8AF255-F908-410B-93C8-C5A0B0EC0995;"EUS with puncture primary tumor";3
7AEDBF6B-A62D-418A-8B5E-94EB958E3B9D;4501FF24-FD67-4902-B929-57E1D7AB7F6B;dpca_onderzoek;C45D5B6D-1AD9-4078-B3A7-24D150013371;"Percutaneous puncture primary tumor";4
7AEDBF6B-A62D-418A-8B5E-94EB958E3B9D;4501FF24-FD67-4902-B929-57E1D7AB7F6B;dpca_onderzoek;E10B5ECF-2A1A-4BE8-8A48-EF9987775279;"Puncture distant metastasis pancreas/periampullary";5
7AEDBF6B-A62D-418A-8B5E-94EB958E3B9D;4501FF24-FD67-4902-B929-57E1D7AB7F6B;dpca_onderzoek;A04C1278-6F36-4755-BF10-11E2A53BE435;Other;7
7AEDBF6B-A62D-418A-8B5E-94EB958E3B9D;4501FF24-FD67-4902-B929-57E1D7AB7F6B;dpca_onderzoek;F407EAB5-EE1B-44C8-8FC5-8F83F5DF2C2E;Unknown;9
7AEDBF6B-A62D-418A-8B5E-94EB958E3B9D;828F6B3D-D0C3-4B93-9350-37924E2FE4E4;dpca_orgaanfalen;DBB23454-8E46-4AF2-921F-E08D45205998;No;0
7AEDBF6B-A62D-418A-8B5E-94EB958E3B9D;828F6B3D-D0C3-4B93-9350-37924E2FE4E4;dpca_orgaanfalen;B6142688-5F99-448C-A8BA-24DC68829A02;"Single organ failure";1
7AEDBF6B-A62D-418A-8B5E-94EB958E3B9D;828F6B3D-D0C3-4B93-9350-37924E2FE4E4;dpca_orgaanfalen;EF727D47-774A-4A99-A23A-42128D13D91E;"Multi-organ failure";2
7AEDBF6B-A62D-418A-8B5E-94EB958E3B9D;828F6B3D-D0C3-4B93-9350-37924E2FE4E4;dpca_orgaanfalen;6AF4DE1E-1009-4685-AD4A-405965CCFE4C;Unknown;9
7AEDBF6B-A62D-418A-8B5E-94EB958E3B9D;EA5E290E-C5D7-4A5F-BFF8-BF2703826C48;dpca_origine;63738BE6-4B3F-4775-9B12-C886070406F8;Pancreas;1
7AEDBF6B-A62D-418A-8B5E-94EB958E3B9D;EA5E290E-C5D7-4A5F-BFF8-BF2703826C48;dpca_origine;EAD04648-AF7C-4A05-9688-046CED92B2B7;"Distal bile duct";2
7AEDBF6B-A62D-418A-8B5E-94EB958E3B9D;EA5E290E-C5D7-4A5F-BFF8-BF2703826C48;dpca_origine;83D25B3D-7E66-43AE-9444-A634DA1C11EB;"Papil van Vater";3
7AEDBF6B-A62D-418A-8B5E-94EB958E3B9D;EA5E290E-C5D7-4A5F-BFF8-BF2703826C48;dpca_origine;05AF7010-3990-4475-8376-DB7EE0C2D33D;Duodenum;4
7AEDBF6B-A62D-418A-8B5E-94EB958E3B9D;EA5E290E-C5D7-4A5F-BFF8-BF2703826C48;dpca_origine;960A4FD9-E498-4E7D-B54C-1E3DE978DFBF;Other;5
7AEDBF6B-A62D-418A-8B5E-94EB958E3B9D;EA5E290E-C5D7-4A5F-BFF8-BF2703826C48;dpca_origine;BA59007A-A55F-492B-B89B-037E51A9D96B;Unknown;9
7AEDBF6B-A62D-418A-8B5E-94EB958E3B9D;C171B68E-B34B-44A2-B7CE-F180D81BD8A5;dpca_PG_SGA;E0B9A749-E459-4A46-95D8-7555239154B7;A;1
7AEDBF6B-A62D-418A-8B5E-94EB958E3B9D;C171B68E-B34B-44A2-B7CE-F180D81BD8A5;dpca_PG_SGA;F274291A-7EB7-4F0B-8F47-568788665B6A;B;2
7AEDBF6B-A62D-418A-8B5E-94EB958E3B9D;C171B68E-B34B-44A2-B7CE-F180D81BD8A5;dpca_PG_SGA;F2FCBC8B-09B1-4B65-86CB-B21697030DD0;C;3
7AEDBF6B-A62D-418A-8B5E-94EB958E3B9D;C171B68E-B34B-44A2-B7CE-F180D81BD8A5;dpca_PG_SGA;1E764281-20BE-41C1-A44A-51C9D66E9DE1;Unknown;9
7AEDBF6B-A62D-418A-8B5E-94EB958E3B9D;BBB60723-D399-4666-BAA4-F3311A83A43B;dpca_radicaliteit;E14FCAB6-BCF1-4753-9EE7-88EB9822CAC1;"R0-microscopically radical, margin >= 1mm";0
7AEDBF6B-A62D-418A-8B5E-94EB958E3B9D;BBB60723-D399-4666-BAA4-F3311A83A43B;dpca_radicaliteit;521C07B4-F28F-4BC5-BF4C-5D5D656F3AE7;"R1-microscopically irradical, margin < 1mm or tumor in resection plane";1
7AEDBF6B-A62D-418A-8B5E-94EB958E3B9D;BBB60723-D399-4666-BAA4-F3311A83A43B;dpca_radicaliteit;5CB4AF0F-EF2A-4EEE-ACF5-3A4AE0056D18;Unknown;9
7AEDBF6B-A62D-418A-8B5E-94EB958E3B9D;38FFB15B-3881-4AFE-BB44-CDE78ECC5746;dpca_reggroep;FDE3BAE8-CE30-4611-9130-D45039CA98C2;"Patient has suspicion for OR proven pancreatic/periampullary tumor or premalignant cyst";1
7AEDBF6B-A62D-418A-8B5E-94EB958E3B9D;38FFB15B-3881-4AFE-BB44-CDE78ECC5746;dpca_reggroep;14B3C938-7246-4C70-B863-9501CBA6D506;"Patient discussed in MDT, no exploration and/or resection";3
7AEDBF6B-A62D-418A-8B5E-94EB958E3B9D;38FFB15B-3881-4AFE-BB44-CDE78ECC5746;dpca_reggroep;5EBA491C-526E-4C37-854F-73A623031FE5;"Chronic pancreatitis for which resection of pancreatic head or tail";2
7AEDBF6B-A62D-418A-8B5E-94EB958E3B9D;9064B53A-7DFD-4B12-8258-35FB4690CE02;dpca_reintaard;532372B0-91EB-49D2-92AB-818FB35BE3ED;Endoscopy;1
7AEDBF6B-A62D-418A-8B5E-94EB958E3B9D;9064B53A-7DFD-4B12-8258-35FB4690CE02;dpca_reintaard;0CF9230D-F7AA-40C9-BDEE-287B239A603A;Intervention-radiology;2
7AEDBF6B-A62D-418A-8B5E-94EB958E3B9D;9064B53A-7DFD-4B12-8258-35FB4690CE02;dpca_reintaard;76A53B06-870F-4D0F-A643-0F70C6B81947;Surgery;3
7AEDBF6B-A62D-418A-8B5E-94EB958E3B9D;9064B53A-7DFD-4B12-8258-35FB4690CE02;dpca_reintaard;53EF28BA-8ADD-4F5A-A614-5449024417C4;Unknown;9
7AEDBF6B-A62D-418A-8B5E-94EB958E3B9D;CA54A4E7-E1A0-44D3-8914-15D506D92C47;dpca_resecveneus;FE0FB7E8-EC62-4956-B0CE-08743A4D3976;No;0
7AEDBF6B-A62D-418A-8B5E-94EB958E3B9D;CA54A4E7-E1A0-44D3-8914-15D506D92C47;dpca_resecveneus;7B8411CA-9257-4DD4-A407-C4311E1A1DE7;"Wedge (not complete transection)";1
7AEDBF6B-A62D-418A-8B5E-94EB958E3B9D;CA54A4E7-E1A0-44D3-8914-15D506D92C47;dpca_resecveneus;02DD0F9A-7DE3-49F6-8212-54FAC03DF40C;"Segment, end-to-end without interponate";2
7AEDBF6B-A62D-418A-8B5E-94EB958E3B9D;CA54A4E7-E1A0-44D3-8914-15D506D92C47;dpca_resecveneus;9E79C86D-481B-4ABC-AADF-DFF1E51EF7F6;"Segment, end-to-end with venous interponate";3
7AEDBF6B-A62D-418A-8B5E-94EB958E3B9D;CA54A4E7-E1A0-44D3-8914-15D506D92C47;dpca_resecveneus;7658A9EF-73A4-445E-B8B7-4DACB377B3E9;"Segment, end-to-end with plastic interponate";4
7AEDBF6B-A62D-418A-8B5E-94EB958E3B9D;F4576199-EB92-4ACE-B062-A0C37B3A9B19;dpca_responshtrg;5E04BB8D-0A02-4C3A-9C65-CE8FA4240CE3;"HTRG 0: no living tumor cells";1
7AEDBF6B-A62D-418A-8B5E-94EB958E3B9D;F4576199-EB92-4ACE-B062-A0C37B3A9B19;dpca_responshtrg;3BB84879-85F3-412F-B62A-05D1FEA31710;"HTRG 1: < 5% living tumor cells";2
7AEDBF6B-A62D-418A-8B5E-94EB958E3B9D;F4576199-EB92-4ACE-B062-A0C37B3A9B19;dpca_responshtrg;39E9B1C0-C12F-46C1-B742-52F6AD7BB7E1;"HTRG 2: >= 5% living tumor cells";3
7AEDBF6B-A62D-418A-8B5E-94EB958E3B9D;F4576199-EB92-4ACE-B062-A0C37B3A9B19;dpca_responshtrg;1F9E3361-2F74-4E46-9B35-57E03E58010A;Unknown;9
7AEDBF6B-A62D-418A-8B5E-94EB958E3B9D;B823D269-B7EB-4B43-9058-7536AA3A0DF5;dpca_snappv;4D44DEB6-3305-474F-BF91-B41E86F64EA3;"> P90";0
7AEDBF6B-A62D-418A-8B5E-94EB958E3B9D;B823D269-B7EB-4B43-9058-7536AA3A0DF5;dpca_snappv;9A159368-71CF-45FA-BC06-51402CADD4D3;"P16 - P90";1
7AEDBF6B-A62D-418A-8B5E-94EB958E3B9D;B823D269-B7EB-4B43-9058-7536AA3A0DF5;dpca_snappv;D7BAE9BE-86F6-4282-B110-6B19896A2E85;"P5 - P15";2
7AEDBF6B-A62D-418A-8B5E-94EB958E3B9D;B823D269-B7EB-4B43-9058-7536AA3A0DF5;dpca_snappv;25F99029-63A8-4384-89FE-B1E2A8935ABD;"< P5";3
7AEDBF6B-A62D-418A-8B5E-94EB958E3B9D;B823D269-B7EB-4B43-9058-7536AA3A0DF5;dpca_snappv;857E8583-B68D-498D-AF7A-6A3041B10FD6;Unknown;9999
7AEDBF6B-A62D-418A-8B5E-94EB958E3B9D;8E2D9498-9CC3-4CF1-9A57-7049FF69D9AA;dpca_snappv2;0E76C40C-AEB7-4F47-B1EE-79D1AD4BBDAA;"> P90";0
7AEDBF6B-A62D-418A-8B5E-94EB958E3B9D;8E2D9498-9CC3-4CF1-9A57-7049FF69D9AA;dpca_snappv2;8F3C44D8-CF2E-47B9-AD92-99A261C33047;"P11 - P90";1
7AEDBF6B-A62D-418A-8B5E-94EB958E3B9D;8E2D9498-9CC3-4CF1-9A57-7049FF69D9AA;dpca_snappv2;3EABD163-25E6-4BF8-BA42-45C1DAB638D7;"P5 - P10";2
7AEDBF6B-A62D-418A-8B5E-94EB958E3B9D;8E2D9498-9CC3-4CF1-9A57-7049FF69D9AA;dpca_snappv2;7032E028-0B6C-4CE4-BA9E-DD0D56B2FE9B;"< P5";3
7AEDBF6B-A62D-418A-8B5E-94EB958E3B9D;8E2D9498-9CC3-4CF1-9A57-7049FF69D9AA;dpca_snappv2;1033E7FA-305D-4E02-88E1-159EC1505A4C;Unknown;9999
7AEDBF6B-A62D-418A-8B5E-94EB958E3B9D;AE9EC462-4425-4AF3-BF8F-697584321A3F;dpca_stadptdistaal;8FAA95A1-C2D7-43C5-B364-C6EE7D9EE89C;"Tis: carcinoma in situ";0
7AEDBF6B-A62D-418A-8B5E-94EB958E3B9D;AE9EC462-4425-4AF3-BF8F-697584321A3F;dpca_stadptdistaal;0899B267-AA29-48E7-8917-233216D179EC;"T1: tumor limited to bile duct";1
7AEDBF6B-A62D-418A-8B5E-94EB958E3B9D;AE9EC462-4425-4AF3-BF8F-697584321A3F;dpca_stadptdistaal;7452C1F4-24A2-470B-ABE1-AC4D8403CA25;"T2: tumor has invaded wall of bile duct";2
7AEDBF6B-A62D-418A-8B5E-94EB958E3B9D;AE9EC462-4425-4AF3-BF8F-697584321A3F;dpca_stadptdistaal;90DCD10F-78D3-4033-9934-790B080B9416;"T3: tumor has advanced to galbladder, liver, pancreas, duodenum or other neighboring organs";3
7AEDBF6B-A62D-418A-8B5E-94EB958E3B9D;AE9EC462-4425-4AF3-BF8F-697584321A3F;dpca_stadptdistaal;FF946BAD-86E4-490D-A0A2-2A2D608F8A19;"T4: involvement truncus coeliacus or arteria mesenterica superior";4
7AEDBF6B-A62D-418A-8B5E-94EB958E3B9D;AE9EC462-4425-4AF3-BF8F-697584321A3F;dpca_stadptdistaal;946A3E4D-C5FC-4262-AA80-FF177FADF96D;Unknown;9
7AEDBF6B-A62D-418A-8B5E-94EB958E3B9D;13BCCDDD-0E7E-4452-BA89-5A6699C0918C;dpca_stadptdistaal2019;B458D70B-B6D2-4FC6-95A3-EC6B2029C2EA;"Tis: Carcinoma in situ/high-grade dysplasia";1
7AEDBF6B-A62D-418A-8B5E-94EB958E3B9D;13BCCDDD-0E7E-4452-BA89-5A6699C0918C;dpca_stadptdistaal2019;54940EB3-FD6A-46CC-A455-D4A6EFE499F7;"T1: Tumor invades bile duct wall to depth of < 5 mm";2
7AEDBF6B-A62D-418A-8B5E-94EB958E3B9D;13BCCDDD-0E7E-4452-BA89-5A6699C0918C;dpca_stadptdistaal2019;D1698649-A980-48E4-9FE8-DF509F457F99;"T2: Tumor invades bile duct wall to depth of 5 - 12 mm";3
7AEDBF6B-A62D-418A-8B5E-94EB958E3B9D;13BCCDDD-0E7E-4452-BA89-5A6699C0918C;dpca_stadptdistaal2019;B2BE665E-B6B6-43B1-BF61-B19D2BAC6D0B;"T3: Tumor invades bile duct wall to depth of > 12 mm";4
7AEDBF6B-A62D-418A-8B5E-94EB958E3B9D;13BCCDDD-0E7E-4452-BA89-5A6699C0918C;dpca_stadptdistaal2019;A48C5E61-B0A8-4F76-B97F-1C18712A8676;"T4: Tumor involvement of truncus coeliacus, arteria mesenterica superrior and/or arteria hepatica communis";5
7AEDBF6B-A62D-418A-8B5E-94EB958E3B9D;13BCCDDD-0E7E-4452-BA89-5A6699C0918C;dpca_stadptdistaal2019;79317830-EFB3-449E-9586-6D4C5459B16F;Unknown;9
7AEDBF6B-A62D-418A-8B5E-94EB958E3B9D;7DC01652-BE8F-412F-9AB1-F85F85C75184;dpca_stadptduodenum2019;EEA4D54E-EBA5-4C74-8610-838304722215;"Tis: Carcinoma in situ/high-grade dysplasia";1
7AEDBF6B-A62D-418A-8B5E-94EB958E3B9D;7DC01652-BE8F-412F-9AB1-F85F85C75184;dpca_stadptduodenum2019;CEFEFA8B-97A1-4781-8A6B-C5B055D223D7;"T1a: Tumor invades lamina propria";2
7AEDBF6B-A62D-418A-8B5E-94EB958E3B9D;7DC01652-BE8F-412F-9AB1-F85F85C75184;dpca_stadptduodenum2019;C8ABB41C-D473-49C1-8969-8BEA3A678DDB;"T1b: Tumor invades submucosa";3
7AEDBF6B-A62D-418A-8B5E-94EB958E3B9D;7DC01652-BE8F-412F-9AB1-F85F85C75184;dpca_stadptduodenum2019;BC9B06CA-2516-458C-8552-6097A747A60B;"T2: Tumor invades muscularis propria";4
7AEDBF6B-A62D-418A-8B5E-94EB958E3B9D;7DC01652-BE8F-412F-9AB1-F85F85C75184;dpca_stadptduodenum2019;97C2E3B6-D891-4C9C-8902-4F881F9EDEC0;"T3: Tumor growth by muscularis propria into subserosa, or into mesenterium or into retroperitoneum";5
7AEDBF6B-A62D-418A-8B5E-94EB958E3B9D;7DC01652-BE8F-412F-9AB1-F85F85C75184;dpca_stadptduodenum2019;27907090-67EB-411A-85E4-0E95949E872A;"T4: Tumor growth into visceral peritoneum or other organs/structures (e.g., other intestines, mesenterium of other intestines, abdominal wall, pancreas or bile duct)";6
7AEDBF6B-A62D-418A-8B5E-94EB958E3B9D;7DC01652-BE8F-412F-9AB1-F85F85C75184;dpca_stadptduodenum2019;9C7EC751-BD59-491A-82CA-277E4C526535;Unknown;9
7AEDBF6B-A62D-418A-8B5E-94EB958E3B9D;A47786D9-C56D-4CB9-8049-36553E0B20DB;dpca_stadptpanc;14CDA16A-246A-4B86-AB90-214403344D1B;"Tis: carcinoma in situ";0
7AEDBF6B-A62D-418A-8B5E-94EB958E3B9D;A47786D9-C56D-4CB9-8049-36553E0B20DB;dpca_stadptpanc;DC7F2189-9346-47FC-A831-09C77404689C;"T1: tumor limited to pancreas, max. 2cm largest diameter";1
7AEDBF6B-A62D-418A-8B5E-94EB958E3B9D;A47786D9-C56D-4CB9-8049-36553E0B20DB;dpca_stadptpanc;82817316-10E4-4405-A85E-2C79075512C1;"T2: tumor limited to pancreas, larger than 2cm largest diameter";2
7AEDBF6B-A62D-418A-8B5E-94EB958E3B9D;A47786D9-C56D-4CB9-8049-36553E0B20DB;dpca_stadptpanc;6EC2CEAA-E0B2-463D-A4B2-88F120339440;"T3: direct extension outside pancreas but without involvement of truncus coeliacus or ateria mesenterica superior";3
7AEDBF6B-A62D-418A-8B5E-94EB958E3B9D;A47786D9-C56D-4CB9-8049-36553E0B20DB;dpca_stadptpanc;BBE5834F-D5CB-4393-9EC3-7BBDDBEA4C0E;"T4: involvement of truncus coeliacus or arteria mesenterica superior";4
7AEDBF6B-A62D-418A-8B5E-94EB958E3B9D;A47786D9-C56D-4CB9-8049-36553E0B20DB;dpca_stadptpanc;1AE96D72-7523-4D1B-9622-D1E4BF7375E9;Unknown;9
7AEDBF6B-A62D-418A-8B5E-94EB958E3B9D;CDE0F63B-9D53-419F-B27B-320BC80BDF63;dpca_stadptpanc2018;FF2CB6EF-5733-471A-9928-D4DBD362FBD0;"Tis Carcinoma in situ (e.g., Pan-IN-3)";1
7AEDBF6B-A62D-418A-8B5E-94EB958E3B9D;CDE0F63B-9D53-419F-B27B-320BC80BDF63;dpca_stadptpanc2018;DE48CA44-5298-4DB0-B1AD-C47A501D47E8;"T1a Tumor < 0.5cm";2
7AEDBF6B-A62D-418A-8B5E-94EB958E3B9D;CDE0F63B-9D53-419F-B27B-320BC80BDF63;dpca_stadptpanc2018;FFDC7CD4-6C35-40EE-82F6-99D2CF7F47A5;"T1b Tumor > 0.5cm and < 1cm";3
7AEDBF6B-A62D-418A-8B5E-94EB958E3B9D;CDE0F63B-9D53-419F-B27B-320BC80BDF63;dpca_stadptpanc2018;83240278-1F2D-47BB-979F-85C2D060CB6E;"T1c Tumor > 1cm and < 2cm";4
7AEDBF6B-A62D-418A-8B5E-94EB958E3B9D;CDE0F63B-9D53-419F-B27B-320BC80BDF63;dpca_stadptpanc2018;4B04E965-CAFA-49B6-B49A-59B953574440;"T2 Tumor > 2cm but < 4cm";5
7AEDBF6B-A62D-418A-8B5E-94EB958E3B9D;CDE0F63B-9D53-419F-B27B-320BC80BDF63;dpca_stadptpanc2018;8622BED7-83C9-4DE1-82F6-B6D91E0E9B6A;"T3 Tumor > 4cm in largest dimension";6
7AEDBF6B-A62D-418A-8B5E-94EB958E3B9D;CDE0F63B-9D53-419F-B27B-320BC80BDF63;dpca_stadptpanc2018;4A3A8BE0-3475-469E-BDE0-55EC573818E2;"T4 Tumor involvement in truncus coeliacus, arteria mesenterica superior and/or arteria hepatica communis";7
7AEDBF6B-A62D-418A-8B5E-94EB958E3B9D;CDE0F63B-9D53-419F-B27B-320BC80BDF63;dpca_stadptpanc2018;12A37205-F0DE-40EE-94C8-EB8B2D779AD2;Unknown;9
7AEDBF6B-A62D-418A-8B5E-94EB958E3B9D;81C1F06C-4FC5-4469-84E1-8250D5C0419A;dpca_stadptpapil;5D4A01DB-E427-4C7B-97F3-3F95F3D3AC7F;"Tis: carcinoma in situ";0
7AEDBF6B-A62D-418A-8B5E-94EB958E3B9D;81C1F06C-4FC5-4469-84E1-8250D5C0419A;dpca_stadptpapil;2F98ED3D-1CDB-4263-BF5C-201D2F36E348;"T1: tumor limited to papil van Vater or sphincter of Oddi";1
7AEDBF6B-A62D-418A-8B5E-94EB958E3B9D;81C1F06C-4FC5-4469-84E1-8250D5C0419A;dpca_stadptpapil;C6B71553-1B40-461F-9AB3-BED11708DBA3;"T2: tumor invades wall duodenum";2
7AEDBF6B-A62D-418A-8B5E-94EB958E3B9D;81C1F06C-4FC5-4469-84E1-8250D5C0419A;dpca_stadptpapil;16791BB8-FA29-41C7-82FC-9C13162F5D34;"T3: tumor has advanced to pancreas";3
7AEDBF6B-A62D-418A-8B5E-94EB958E3B9D;81C1F06C-4FC5-4469-84E1-8250D5C0419A;dpca_stadptpapil;23E774DE-2706-406E-8406-DDF4D0D65DEE;"T4: tumor has advanced to peripancreatic soft tissue or neighboring organs/structures";4
7AEDBF6B-A62D-418A-8B5E-94EB958E3B9D;81C1F06C-4FC5-4469-84E1-8250D5C0419A;dpca_stadptpapil;BFFE752C-4C12-44AC-838D-B250F99EEDA0;Unknown;9
7AEDBF6B-A62D-418A-8B5E-94EB958E3B9D;F89A3626-2512-46C3-92B3-9938EB9D9307;dpca_stadptpapil2019;7C22C16A-89C8-4413-95AA-9539EF791F94;"Tis: Carcinoma in situ";1
7AEDBF6B-A62D-418A-8B5E-94EB958E3B9D;F89A3626-2512-46C3-92B3-9938EB9D9307;dpca_stadptpapil2019;0F716A1A-252A-4139-A1E5-2EF23993B5E1;"T1a: Tumor limited to Papil van Vater or Sphincter of Oddi";2
7AEDBF6B-A62D-418A-8B5E-94EB958E3B9D;F89A3626-2512-46C3-92B3-9938EB9D9307;dpca_stadptpapil2019;5A80E12D-EBD3-4EEC-A169-46EB8E05C319;"T1b: Tumor growth beyond sphincter of Oddi (perisphincteric invasion) and/or into duodenal submucosa";3
7AEDBF6B-A62D-418A-8B5E-94EB958E3B9D;F89A3626-2512-46C3-92B3-9938EB9D9307;dpca_stadptpapil2019;E48379C3-8485-4E3A-8D0F-7CAA1551F196;"T2: Tumor invades muscularis propria of duodenom";4
7AEDBF6B-A62D-418A-8B5E-94EB958E3B9D;F89A3626-2512-46C3-92B3-9938EB9D9307;dpca_stadptpapil2019;5813082C-BE90-4585-9B68-434643152CBA;"T3a: Tumor invades 0,5cm or less of pancreas";5
7AEDBF6B-A62D-418A-8B5E-94EB958E3B9D;F89A3626-2512-46C3-92B3-9938EB9D9307;dpca_stadptpapil2019;720E27EE-A0BF-49A8-804E-7FC263F52230;"T3b: Tumor invades more than 0,5cm of pancreas or grows into peripancreatic tissue of duodenal serosa but without involvement of truncus coeliacus or arteria mesenterica superior";6
7AEDBF6B-A62D-418A-8B5E-94EB958E3B9D;F89A3626-2512-46C3-92B3-9938EB9D9307;dpca_stadptpapil2019;1E3ED022-29AA-4DC3-871F-2EA6E26D38E0;"T4: Tumor involvement of truncus coeliacus, arteria mesenterica superior and/or arteria hepatica communis, independent of tumor size";10
7AEDBF6B-A62D-418A-8B5E-94EB958E3B9D;F89A3626-2512-46C3-92B3-9938EB9D9307;dpca_stadptpapil2019;51A131C9-6493-4684-BEEC-76EADED3EF60;Unknown;9
7AEDBF6B-A62D-418A-8B5E-94EB958E3B9D;A453C08B-5825-4064-BBF0-80700279FA08;dpca_stenose;CAE1E727-A4CD-4A15-93E5-8C2725EE7886;"No deformation";0
7AEDBF6B-A62D-418A-8B5E-94EB958E3B9D;A453C08B-5825-4064-BBF0-80700279FA08;dpca_stenose;924A4F86-889D-437B-AE8D-155CC25F1CC5;"Stenosis < 50%";1
7AEDBF6B-A62D-418A-8B5E-94EB958E3B9D;A453C08B-5825-4064-BBF0-80700279FA08;dpca_stenose;0A676C8F-32A1-4D4E-A48D-A37890959F4F;"Stenosis > 50%";2
7AEDBF6B-A62D-418A-8B5E-94EB958E3B9D;A453C08B-5825-4064-BBF0-80700279FA08;dpca_stenose;1625A3B2-03B1-441D-B082-E954302DD781;"Occlusion of thrombus";3
7AEDBF6B-A62D-418A-8B5E-94EB958E3B9D;A453C08B-5825-4064-BBF0-80700279FA08;dpca_stenose;15F7E43E-EF85-45D8-9C7A-4BB57C170612;Unknown;9
7AEDBF6B-A62D-418A-8B5E-94EB958E3B9D;64671701-105C-47E8-800B-BFC324B75C7D;dpca_stentcover;5325D34D-46EA-49A0-B6BF-89FCA455B63B;Covered;1
7AEDBF6B-A62D-418A-8B5E-94EB958E3B9D;64671701-105C-47E8-800B-BFC324B75C7D;dpca_stentcover;FDE70CFC-3F5D-43F9-8BA5-DD5A236124DE;Uncovered;2
7AEDBF6B-A62D-418A-8B5E-94EB958E3B9D;64671701-105C-47E8-800B-BFC324B75C7D;dpca_stentcover;65A5A65B-7AB2-4B00-AD0D-564390283CEA;Unknown;9
7AEDBF6B-A62D-418A-8B5E-94EB958E3B9D;DA25CB55-59B4-4DAC-B682-97836F7E047A;dpca_treathosp;5AF6A892-CF3F-4752-85A3-17B338F539F7;Maastricht;1
7AEDBF6B-A62D-418A-8B5E-94EB958E3B9D;DA25CB55-59B4-4DAC-B682-97836F7E047A;dpca_treathosp;D96E517F-03D4-4005-AF42-5D0061F97474;Aachen;2
7AEDBF6B-A62D-418A-8B5E-94EB958E3B9D;DA25CB55-59B4-4DAC-B682-97836F7E047A;dpca_treathosp;2363CD74-1B67-4CB7-B6E3-9BFE6AF88FBF;Other;3
7AEDBF6B-A62D-418A-8B5E-94EB958E3B9D;4672FD2F-1BF6-49EC-A6E9-A676214C780D;dpca_tumorgraad;61C082FB-3C8B-4CF6-BB86-D651441C8850;"No malignancy";0
7AEDBF6B-A62D-418A-8B5E-94EB958E3B9D;4672FD2F-1BF6-49EC-A6E9-A676214C780D;dpca_tumorgraad;A57B2F50-6493-4750-8945-F991941CF6A7;"Low-grade dysplasia";1
7AEDBF6B-A62D-418A-8B5E-94EB958E3B9D;4672FD2F-1BF6-49EC-A6E9-A676214C780D;dpca_tumorgraad;643BDA22-5143-4F2D-B9B6-5556007DDC43;"Intermediate-grade dysplasia";2
7AEDBF6B-A62D-418A-8B5E-94EB958E3B9D;4672FD2F-1BF6-49EC-A6E9-A676214C780D;dpca_tumorgraad;58C5298A-7FF5-4792-8350-307D163CF5C1;"High-grade dysplasia (in situ)";3
7AEDBF6B-A62D-418A-8B5E-94EB958E3B9D;4672FD2F-1BF6-49EC-A6E9-A676214C780D;dpca_tumorgraad;8EC55A86-707E-4D63-A4FF-790AA3964CDA;"Invasive carcinoma";4
7AEDBF6B-A62D-418A-8B5E-94EB958E3B9D;1B8EFF44-0D70-422D-82E7-8334944D18AC;dpca_tumorrest;00FDFDCD-825C-4509-8E81-D438C1D7A678;No;0
7AEDBF6B-A62D-418A-8B5E-94EB958E3B9D;1B8EFF44-0D70-422D-82E7-8334944D18AC;dpca_tumorrest;058430A3-ED0C-45E0-ABBF-978954451547;"Yes, R2 resection";1
7AEDBF6B-A62D-418A-8B5E-94EB958E3B9D;1B8EFF44-0D70-422D-82E7-8334944D18AC;dpca_tumorrest;C5F03BD0-D556-49F8-8222-057B25424C48;Unknown;9
7AEDBF6B-A62D-418A-8B5E-94EB958E3B9D;48CDD074-6638-476D-9A09-29F893314323;dpca_typeadjuvant;692551A1-6D62-4F4D-B802-ACC1EBE4574F;Gemcitabine;1
7AEDBF6B-A62D-418A-8B5E-94EB958E3B9D;48CDD074-6638-476D-9A09-29F893314323;dpca_typeadjuvant;AAADE095-82BA-48EF-B157-631FD77B32E8;"Gemcitabine and capecitabine";2
7AEDBF6B-A62D-418A-8B5E-94EB958E3B9D;48CDD074-6638-476D-9A09-29F893314323;dpca_typeadjuvant;77CA86B5-B591-42B4-A907-58DECC611D6A;Other;7
7AEDBF6B-A62D-418A-8B5E-94EB958E3B9D;48CDD074-6638-476D-9A09-29F893314323;dpca_typeadjuvant;08A69157-0E22-448C-8740-3C88348E5E94;Unknown;9
7AEDBF6B-A62D-418A-8B5E-94EB958E3B9D;0C1A727C-5592-474A-BE86-72C077E01C80;dpca_typeneoadjuvant;32E9960F-B3F3-4D26-96D6-65A8D49B6D6D;Gemcitabine-Nab-Paclitaxel;1
7AEDBF6B-A62D-418A-8B5E-94EB958E3B9D;0C1A727C-5592-474A-BE86-72C077E01C80;dpca_typeneoadjuvant;83D84D4D-1755-4A63-A3B5-A8D0E1768C6C;Folfirinox;2
7AEDBF6B-A62D-418A-8B5E-94EB958E3B9D;0C1A727C-5592-474A-BE86-72C077E01C80;dpca_typeneoadjuvant;B02C5344-DDE1-48DF-8AF7-47E462350615;Overig;7
7AEDBF6B-A62D-418A-8B5E-94EB958E3B9D;0C1A727C-5592-474A-BE86-72C077E01C80;dpca_typeneoadjuvant;24261837-9E9E-4E3E-9505-FB7BB239D338;Onbekend;9
7AEDBF6B-A62D-418A-8B5E-94EB958E3B9D;14F6D34E-093D-4D87-B1B1-C4148367BA6D;dpca_typesom;48A2C38A-8677-49E6-921D-0DAC3AFF39FB;Octreotide;1
7AEDBF6B-A62D-418A-8B5E-94EB958E3B9D;14F6D34E-093D-4D87-B1B1-C4148367BA6D;dpca_typesom;EAA40CB3-2036-4AC4-A5DC-D55E49A1EF71;Pasireotide;2
7AEDBF6B-A62D-418A-8B5E-94EB958E3B9D;14F6D34E-093D-4D87-B1B1-C4148367BA6D;dpca_typesom;57E4AE3E-CBF8-4D9E-9A36-161004C22F83;Lanreotide;3
7AEDBF6B-A62D-418A-8B5E-94EB958E3B9D;14F6D34E-093D-4D87-B1B1-C4148367BA6D;dpca_typesom;0DB803B1-9867-4108-87DE-84EF7FA6FBEB;Other;7
7AEDBF6B-A62D-418A-8B5E-94EB958E3B9D;79BEA160-650D-4CC6-A03E-2CE4F959BA2B;dpca_typestent;80D52402-F767-461B-B4AF-6A31FEC0F03B;Plastic;1
7AEDBF6B-A62D-418A-8B5E-94EB958E3B9D;79BEA160-650D-4CC6-A03E-2CE4F959BA2B;dpca_typestent;18A88B21-39F1-4EE1-8A7E-022A29781A57;Metal;2
7AEDBF6B-A62D-418A-8B5E-94EB958E3B9D;79BEA160-650D-4CC6-A03E-2CE4F959BA2B;dpca_typestent;0FF1FBBB-29FB-4A5E-B5E0-07C5AFE3BEC0;Unknown;9
7AEDBF6B-A62D-418A-8B5E-94EB958E3B9D;BED9854C-CB32-4A51-9F43-BA9AC2A10437;dpca_typok;1A3ABE12-3AD3-4257-BE34-09B8B8DB34E6;"Pylorus-preserving pancreaticoduodenectomy (PPPD)";1
7AEDBF6B-A62D-418A-8B5E-94EB958E3B9D;BED9854C-CB32-4A51-9F43-BA9AC2A10437;dpca_typok;59C78FA5-A5B8-4DD3-9747-387FA60E9D0A;"Classical Whipple";2
7AEDBF6B-A62D-418A-8B5E-94EB958E3B9D;BED9854C-CB32-4A51-9F43-BA9AC2A10437;dpca_typok;FF5BF4FF-8EB6-4800-8C03-CE3C77A4CDE3;"Pylorus ring resection pancreaticoduodenectomy (PRPD)";10
7AEDBF6B-A62D-418A-8B5E-94EB958E3B9D;BED9854C-CB32-4A51-9F43-BA9AC2A10437;dpca_typok;7149BD6F-944A-4BCB-89AE-D282EAF9F04E;"Pancreatic corpus/tail resection";3
7AEDBF6B-A62D-418A-8B5E-94EB958E3B9D;BED9854C-CB32-4A51-9F43-BA9AC2A10437;dpca_typok;1B0CFADB-73AA-45FC-809F-EDA838BD631C;"Central pancreas resection";4
7AEDBF6B-A62D-418A-8B5E-94EB958E3B9D;BED9854C-CB32-4A51-9F43-BA9AC2A10437;dpca_typok;F8C7D1CF-0AA9-4BED-B124-35AA9B722DAB;"Total pancreatectomy";5
7AEDBF6B-A62D-418A-8B5E-94EB958E3B9D;BED9854C-CB32-4A51-9F43-BA9AC2A10437;dpca_typok;E1FD8A6F-8FB6-4A3B-92A4-35047A26A868;"Enucleation pancreas tumor";6
7AEDBF6B-A62D-418A-8B5E-94EB958E3B9D;BED9854C-CB32-4A51-9F43-BA9AC2A10437;dpca_typok;73F377AD-8937-42E5-9E3F-688DBE0FB183;Other;77
7AEDBF6B-A62D-418A-8B5E-94EB958E3B9D;BED9854C-CB32-4A51-9F43-BA9AC2A10437;dpca_typok;291A0F08-1306-4DB6-9253-1072A51BDCFB;Unknown;99
